user_id,action_type,target_id,target_type,status,description,timestamp
4,logout,,,success,,2025-03-01 00:01:00
9,create_topic,4662,topic,success,,2025-03-01 00:40:00
17,first_visit,,,success,,2025-03-01 00:58:00
,create_topic,9154,topic,error,User not logged in,2025-03-01 01:14:00
1,login,,,success,,2025-03-01 01:14:00
3,post_message,2842,message,success,,2025-03-01 01:23:00
3,create_topic,1531,topic,success,,2025-03-01 01:28:00
12,create_topic,7680,topic,error,Random error,2025-03-01 01:37:00
14,first_visit,,,success,,2025-03-01 02:05:00
10,logout,,,success,,2025-03-01 02:07:00
11,delete_topic,4464,topic,success,,2025-03-01 03:05:00
12,create_topic,5535,topic,success,,2025-03-01 03:11:00
15,create_topic,8539,topic,success,,2025-03-01 03:25:00
11,logout,,,success,,2025-03-01 03:37:00
4,logout,,,success,,2025-03-01 03:41:00
13,logout,,,success,,2025-03-01 03:43:00
3,create_topic,6142,topic,success,,2025-03-01 03:57:00
17,first_visit,,,success,,2025-03-01 03:59:00
14,first_visit,,,error,Random error,2025-03-01 04:11:00
17,view_topic,2439,topic,success,,2025-03-01 05:13:00
18,delete_topic,6369,topic,success,,2025-03-01 05:45:00
17,create_topic,4153,topic,success,,2025-03-01 06:25:00
6,post_message,6743,message,success,,2025-03-01 06:42:00
1,create_topic,1205,topic,success,,2025-03-01 06:52:00
5,registration,,,success,,2025-03-01 06:54:00
5,login,,,success,,2025-03-01 07:07:00
2,logout,,,error,Random error,2025-03-01 07:30:00
8,registration,,,success,,2025-03-01 07:31:00
16,registration,,,success,,2025-03-01 07:35:00
,post_message,7200,message,success,,2025-03-01 07:45:00
15,view_topic,7366,topic,success,,2025-03-01 07:46:00
17,view_topic,4247,topic,success,,2025-03-01 07:49:00
,create_topic,5467,topic,error,User not logged in,2025-03-01 08:29:00
5,view_topic,7640,topic,success,,2025-03-01 08:32:00
1,first_visit,,,success,,2025-03-01 08:36:00
9,login,,,success,,2025-03-01 08:45:00
15,logout,,,success,,2025-03-01 09:25:00
8,first_visit,,,success,,2025-03-01 09:46:00
12,login,,,success,,2025-03-01 09:49:00
7,create_topic,8346,topic,success,,2025-03-01 09:50:00
19,view_topic,9018,topic,success,,2025-03-01 10:19:00
20,logout,,,error,Random error,2025-03-01 10:25:00
14,login,,,success,,2025-03-01 10:29:00
10,registration,,,success,,2025-03-01 10:51:00
8,post_message,8000,message,success,,2025-03-01 11:11:00
5,logout,,,success,,2025-03-01 11:15:00
5,delete_topic,3571,topic,success,,2025-03-01 11:38:00
19,view_topic,8626,topic,error,Random error,2025-03-01 12:03:00
16,login,,,success,,2025-03-01 12:23:00
2,delete_topic,8796,topic,success,,2025-03-01 12:51:00
18,first_visit,,,success,,2025-03-01 13:12:00
20,first_visit,,,success,,2025-03-01 13:24:00
12,delete_topic,8950,topic,success,,2025-03-01 14:16:00
5,logout,,,success,,2025-03-01 14:49:00
15,logout,,,success,,2025-03-01 15:32:00
20,delete_topic,7796,topic,success,,2025-03-01 15:54:00
17,view_topic,7397,topic,error,Random error,2025-03-01 15:57:00
6,login,,,success,,2025-03-01 16:33:00
10,first_visit,,,success,,2025-03-01 16:41:00
2,first_visit,,,success,,2025-03-01 17:31:00
7,registration,,,success,,2025-03-01 17:48:00
2,delete_topic,3392,topic,success,,2025-03-01 17:50:00
5,logout,,,success,,2025-03-01 17:56:00
13,first_visit,,,success,,2025-03-01 18:26:00
,post_message,1925,message,success,,2025-03-01 18:26:00
15,first_visit,,,success,,2025-03-01 18:37:00
17,create_topic,6263,topic,success,,2025-03-01 19:07:00
5,view_topic,9155,topic,success,,2025-03-01 19:14:00
16,view_topic,7915,topic,success,,2025-03-01 20:33:00
20,delete_topic,7635,topic,success,,2025-03-01 20:42:00
11,logout,,,success,,2025-03-01 20:51:00
16,create_topic,7235,topic,success,,2025-03-01 21:03:00
11,view_topic,1307,topic,success,,2025-03-01 21:19:00
16,create_topic,2023,topic,success,,2025-03-01 21:44:00
,post_message,5643,message,success,,2025-03-01 21:46:00
18,create_topic,3839,topic,success,,2025-03-01 21:58:00
17,logout,,,success,,2025-03-01 22:06:00
18,logout,,,success,,2025-03-01 22:30:00
8,view_topic,1555,topic,success,,2025-03-01 22:35:00
6,view_topic,3049,topic,success,,2025-03-01 23:15:00
15,first_visit,,,error,Random error,2025-03-01 23:35:00
17,login,,,success,,2025-03-02 00:34:00
12,first_visit,,,success,,2025-03-02 01:07:00
14,first_visit,,,success,,2025-03-02 01:18:00
1,create_topic,5858,topic,success,,2025-03-02 03:12:00
8,login,,,success,,2025-03-02 03:13:00
14,logout,,,success,,2025-03-02 03:41:00
2,view_topic,8377,topic,success,,2025-03-02 03:43:00
,post_message,2586,message,success,,2025-03-02 03:47:00
9,login,,,success,,2025-03-02 04:00:00
18,login,,,success,,2025-03-02 04:47:00
10,logout,,,success,,2025-03-02 04:49:00
17,post_message,1654,message,success,,2025-03-02 04:56:00
4,logout,,,success,,2025-03-02 05:33:00
5,first_visit,,,success,,2025-03-02 05:33:00
14,post_message,7475,message,success,,2025-03-02 06:15:00
20,login,,,success,,2025-03-02 06:24:00
5,delete_topic,7622,topic,success,,2025-03-02 06:32:00
3,logout,,,error,Random error,2025-03-02 06:40:00
16,delete_topic,1294,topic,success,,2025-03-02 06:43:00
8,post_message,8999,message,success,,2025-03-02 06:49:00
16,login,,,success,,2025-03-02 06:51:00
8,create_topic,5690,topic,success,,2025-03-02 07:23:00
8,logout,,,success,,2025-03-02 07:32:00
3,post_message,7125,message,success,,2025-03-02 07:42:00
,post_message,9578,message,success,,2025-03-02 08:02:00
8,view_topic,2946,topic,success,,2025-03-02 08:06:00
1,first_visit,,,success,,2025-03-02 09:05:00
11,first_visit,,,success,,2025-03-02 09:10:00
3,delete_topic,2674,topic,success,,2025-03-02 09:18:00
2,login,,,success,,2025-03-02 09:20:00
8,view_topic,8290,topic,success,,2025-03-02 09:54:00
2,view_topic,4311,topic,success,,2025-03-02 10:10:00
16,first_visit,,,success,,2025-03-02 11:05:00
2,logout,,,success,,2025-03-02 11:51:00
12,delete_topic,1610,topic,success,,2025-03-02 12:27:00
5,create_topic,6173,topic,success,,2025-03-02 12:45:00
20,view_topic,8782,topic,success,,2025-03-02 13:41:00
1,view_topic,8150,topic,success,,2025-03-02 13:54:00
18,registration,,,success,,2025-03-02 15:15:00
8,registration,,,success,,2025-03-02 15:27:00
10,create_topic,8450,topic,success,,2025-03-02 15:50:00
,post_message,6794,message,success,,2025-03-02 15:58:00
10,create_topic,6971,topic,success,,2025-03-02 16:05:00
7,create_topic,4398,topic,success,,2025-03-02 16:40:00
14,create_topic,8664,topic,error,Random error,2025-03-02 16:40:00
9,logout,,,success,,2025-03-02 16:45:00
2,create_topic,9863,topic,success,,2025-03-02 16:54:00
18,registration,,,success,,2025-03-02 17:30:00
11,delete_topic,4042,topic,success,,2025-03-02 17:41:00
7,create_topic,3958,topic,success,,2025-03-02 17:54:00
13,create_topic,8584,topic,success,,2025-03-02 18:03:00
10,view_topic,3717,topic,success,,2025-03-02 18:49:00
18,view_topic,7129,topic,success,,2025-03-02 18:54:00
20,registration,,,success,,2025-03-02 19:04:00
,create_topic,1852,topic,error,User not logged in,2025-03-02 19:56:00
18,registration,,,success,,2025-03-02 20:20:00
18,login,,,success,,2025-03-02 20:28:00
,create_topic,1662,topic,error,User not logged in,2025-03-02 20:30:00
1,view_topic,2139,topic,success,,2025-03-02 20:38:00
16,create_topic,6370,topic,success,,2025-03-02 20:41:00
12,view_topic,5592,topic,success,,2025-03-02 20:46:00
9,create_topic,5471,topic,success,,2025-03-02 20:48:00
4,create_topic,3473,topic,error,Random error,2025-03-02 21:09:00
1,login,,,success,,2025-03-02 21:27:00
10,post_message,1607,message,success,,2025-03-02 21:31:00
15,logout,,,success,,2025-03-02 21:45:00
14,post_message,9628,message,success,,2025-03-02 22:21:00
15,first_visit,,,success,,2025-03-02 22:24:00
7,logout,,,success,,2025-03-02 22:52:00
17,view_topic,8724,topic,success,,2025-03-02 23:10:00
9,view_topic,9670,topic,success,,2025-03-02 23:52:00
7,delete_topic,7506,topic,success,,2025-03-03 00:04:00
,post_message,9387,message,success,,2025-03-03 00:06:00
9,post_message,1072,message,success,,2025-03-03 00:17:00
7,login,,,success,,2025-03-03 00:25:00
16,first_visit,,,success,,2025-03-03 01:05:00
11,login,,,success,,2025-03-03 01:16:00
3,view_topic,5906,topic,success,,2025-03-03 01:26:00
14,view_topic,6259,topic,success,,2025-03-03 01:27:00
1,login,,,success,,2025-03-03 01:48:00
12,delete_topic,6756,topic,success,,2025-03-03 02:24:00
,post_message,2386,message,success,,2025-03-03 02:55:00
12,create_topic,9014,topic,success,,2025-03-03 02:59:00
14,logout,,,success,,2025-03-03 03:51:00
13,first_visit,,,success,,2025-03-03 04:03:00
6,registration,,,success,,2025-03-03 04:17:00
,post_message,2666,message,success,,2025-03-03 04:50:00
7,login,,,success,,2025-03-03 05:57:00
6,logout,,,success,,2025-03-03 06:41:00
4,post_message,9229,message,success,,2025-03-03 06:46:00
,post_message,6268,message,success,,2025-03-03 07:12:00
8,first_visit,,,success,,2025-03-03 07:31:00
13,delete_topic,9618,topic,success,,2025-03-03 07:39:00
15,create_topic,7723,topic,success,,2025-03-03 07:45:00
5,logout,,,success,,2025-03-03 07:54:00
15,delete_topic,3656,topic,success,,2025-03-03 08:05:00
11,login,,,success,,2025-03-03 08:24:00
16,first_visit,,,success,,2025-03-03 09:19:00
18,first_visit,,,success,,2025-03-03 09:29:00
19,logout,,,success,,2025-03-03 09:33:00
8,login,,,success,,2025-03-03 10:23:00
13,view_topic,9305,topic,success,,2025-03-03 10:29:00
3,view_topic,3455,topic,success,,2025-03-03 10:40:00
4,view_topic,5974,topic,success,,2025-03-03 10:43:00
8,view_topic,1407,topic,success,,2025-03-03 10:51:00
15,view_topic,5690,topic,success,,2025-03-03 10:57:00
,create_topic,8799,topic,error,User not logged in,2025-03-03 11:01:00
14,delete_topic,9166,topic,success,,2025-03-03 11:11:00
2,post_message,2677,message,success,,2025-03-03 11:17:00
3,post_message,3780,message,success,,2025-03-03 12:07:00
11,logout,,,success,,2025-03-03 12:25:00
8,view_topic,7390,topic,success,,2025-03-03 12:32:00
3,create_topic,5309,topic,success,,2025-03-03 12:34:00
12,login,,,success,,2025-03-03 13:02:00
16,logout,,,success,,2025-03-03 13:04:00
14,registration,,,success,,2025-03-03 13:22:00
,create_topic,4505,topic,error,User not logged in,2025-03-03 13:35:00
18,login,,,success,,2025-03-03 14:17:00
11,view_topic,2531,topic,success,,2025-03-03 14:29:00
,post_message,3143,message,success,,2025-03-03 14:56:00
10,registration,,,success,,2025-03-03 15:03:00
11,view_topic,4481,topic,success,,2025-03-03 15:04:00
18,create_topic,1935,topic,success,,2025-03-03 15:11:00
12,post_message,7329,message,success,,2025-03-03 15:23:00
19,view_topic,9395,topic,success,,2025-03-03 15:35:00
2,registration,,,error,Random error,2025-03-03 15:46:00
17,login,,,success,,2025-03-03 16:19:00
19,first_visit,,,success,,2025-03-03 16:25:00
13,first_visit,,,success,,2025-03-03 16:49:00
8,first_visit,,,success,,2025-03-03 17:19:00
7,post_message,3411,message,success,,2025-03-03 17:50:00
,post_message,7430,message,success,,2025-03-03 17:54:00
7,view_topic,5765,topic,success,,2025-03-03 17:55:00
20,logout,,,success,,2025-03-03 18:04:00
3,delete_topic,3239,topic,success,,2025-03-03 18:06:00
12,logout,,,success,,2025-03-03 18:06:00
19,create_topic,9768,topic,success,,2025-03-03 18:21:00
,post_message,8935,message,success,,2025-03-03 18:39:00
8,view_topic,3694,topic,success,,2025-03-03 18:58:00
17,first_visit,,,success,,2025-03-03 20:19:00
11,login,,,success,,2025-03-03 20:20:00
17,delete_topic,3294,topic,error,Random error,2025-03-03 20:46:00
16,registration,,,success,,2025-03-03 20:49:00
5,post_message,3804,message,success,,2025-03-03 20:51:00
13,delete_topic,1902,topic,success,,2025-03-03 21:14:00
6,delete_topic,6325,topic,success,,2025-03-03 21:19:00
4,first_visit,,,success,,2025-03-03 21:46:00
19,logout,,,success,,2025-03-03 22:00:00
3,first_visit,,,success,,2025-03-03 22:14:00
2,first_visit,,,success,,2025-03-03 22:31:00
2,first_visit,,,success,,2025-03-03 22:31:00
15,post_message,6041,message,success,,2025-03-03 22:42:00
3,create_topic,5852,topic,success,,2025-03-03 22:48:00
17,view_topic,5285,topic,success,,2025-03-03 23:12:00
5,login,,,success,,2025-03-03 23:25:00
17,view_topic,9961,topic,success,,2025-03-03 23:31:00
7,logout,,,success,,2025-03-04 00:07:00
6,create_topic,4167,topic,success,,2025-03-04 00:12:00
16,login,,,success,,2025-03-04 00:48:00
7,create_topic,7593,topic,success,,2025-03-04 01:18:00
9,first_visit,,,success,,2025-03-04 01:43:00
20,create_topic,5322,topic,success,,2025-03-04 02:54:00
8,view_topic,8616,topic,success,,2025-03-04 03:34:00
20,logout,,,success,,2025-03-04 04:21:00
18,login,,,success,,2025-03-04 05:38:00
,post_message,4073,message,success,,2025-03-04 05:51:00
14,first_visit,,,success,,2025-03-04 06:11:00
7,delete_topic,7881,topic,success,,2025-03-04 06:18:00
,create_topic,8169,topic,error,User not logged in,2025-03-04 06:39:00
3,first_visit,,,success,,2025-03-04 06:51:00
,create_topic,9222,topic,error,User not logged in,2025-03-04 08:12:00
8,registration,,,success,,2025-03-04 08:31:00
8,logout,,,error,Random error,2025-03-04 08:42:00
20,first_visit,,,success,,2025-03-04 08:52:00
16,first_visit,,,success,,2025-03-04 08:57:00
19,first_visit,,,success,,2025-03-04 09:07:00
,post_message,6299,message,success,,2025-03-04 09:32:00
6,logout,,,success,,2025-03-04 09:53:00
19,logout,,,success,,2025-03-04 09:55:00
11,delete_topic,6316,topic,success,,2025-03-04 10:07:00
13,view_topic,5799,topic,success,,2025-03-04 10:21:00
20,first_visit,,,success,,2025-03-04 10:36:00
8,login,,,success,,2025-03-04 11:54:00
11,create_topic,3551,topic,error,Random error,2025-03-04 12:02:00
,post_message,4341,message,success,,2025-03-04 12:03:00
4,registration,,,success,,2025-03-04 12:28:00
6,view_topic,7967,topic,success,,2025-03-04 12:43:00
6,first_visit,,,success,,2025-03-04 12:43:00
5,delete_topic,6666,topic,success,,2025-03-04 13:55:00
17,delete_topic,1842,topic,success,,2025-03-04 14:37:00
15,view_topic,4361,topic,success,,2025-03-04 14:43:00
14,first_visit,,,success,,2025-03-04 15:00:00
9,first_visit,,,success,,2025-03-04 15:05:00
11,registration,,,success,,2025-03-04 15:14:00
10,first_visit,,,success,,2025-03-04 16:20:00
8,first_visit,,,success,,2025-03-04 16:34:00
14,view_topic,9555,topic,success,,2025-03-04 18:07:00
13,view_topic,1712,topic,success,,2025-03-04 19:10:00
7,login,,,success,,2025-03-04 19:36:00
1,login,,,success,,2025-03-04 19:38:00
10,delete_topic,7829,topic,success,,2025-03-04 20:01:00
,post_message,8533,message,success,,2025-03-04 20:10:00
16,logout,,,success,,2025-03-04 20:32:00
13,login,,,success,,2025-03-04 21:53:00
16,first_visit,,,success,,2025-03-04 22:09:00
,post_message,9572,message,success,,2025-03-04 22:15:00
16,login,,,success,,2025-03-04 22:35:00
7,delete_topic,2152,topic,success,,2025-03-04 22:52:00
12,registration,,,success,,2025-03-04 23:04:00
9,first_visit,,,success,,2025-03-04 23:12:00
4,create_topic,5384,topic,success,,2025-03-04 23:24:00
17,create_topic,2070,topic,success,,2025-03-04 23:40:00
14,logout,,,success,,2025-03-04 23:42:00
8,registration,,,success,,2025-03-04 23:51:00
9,create_topic,5960,topic,success,,2025-03-04 23:58:00
10,delete_topic,6523,topic,success,,2025-03-05 00:09:00
19,delete_topic,1308,topic,success,,2025-03-05 00:14:00
4,first_visit,,,success,,2025-03-05 00:16:00
18,logout,,,success,,2025-03-05 00:19:00
18,login,,,success,,2025-03-05 00:54:00
8,login,,,success,,2025-03-05 01:00:00
13,create_topic,3986,topic,success,,2025-03-05 01:07:00
,post_message,6742,message,success,,2025-03-05 01:14:00
10,view_topic,5714,topic,success,,2025-03-05 01:14:00
,post_message,4442,message,success,,2025-03-05 01:42:00
12,registration,,,success,,2025-03-05 02:32:00
2,first_visit,,,success,,2025-03-05 02:48:00
2,create_topic,9294,topic,success,,2025-03-05 03:55:00
7,create_topic,4530,topic,success,,2025-03-05 03:59:00
13,registration,,,success,,2025-03-05 04:01:00
4,logout,,,success,,2025-03-05 04:09:00
8,delete_topic,4884,topic,success,,2025-03-05 05:06:00
3,login,,,success,,2025-03-05 05:38:00
1,login,,,success,,2025-03-05 05:52:00
,post_message,7666,message,success,,2025-03-05 06:36:00
1,logout,,,success,,2025-03-05 06:43:00
20,post_message,5751,message,success,,2025-03-05 06:51:00
13,post_message,6116,message,success,,2025-03-05 07:10:00
11,create_topic,5241,topic,success,,2025-03-05 07:14:00
12,view_topic,6950,topic,success,,2025-03-05 07:16:00
8,first_visit,,,success,,2025-03-05 07:30:00
2,create_topic,6930,topic,success,,2025-03-05 07:46:00
18,create_topic,9905,topic,success,,2025-03-05 08:13:00
20,first_visit,,,success,,2025-03-05 08:17:00
17,view_topic,9298,topic,success,,2025-03-05 08:37:00
20,registration,,,success,,2025-03-05 09:11:00
2,first_visit,,,success,,2025-03-05 09:34:00
2,post_message,3672,message,success,,2025-03-05 10:05:00
17,view_topic,3860,topic,success,,2025-03-05 10:22:00
1,delete_topic,5757,topic,success,,2025-03-05 10:24:00
9,view_topic,3088,topic,success,,2025-03-05 10:50:00
13,post_message,3047,message,success,,2025-03-05 11:13:00
4,view_topic,2729,topic,success,,2025-03-05 11:36:00
,post_message,9617,message,success,,2025-03-05 11:36:00
8,logout,,,success,,2025-03-05 11:40:00
1,logout,,,success,,2025-03-05 12:07:00
9,logout,,,success,,2025-03-05 12:11:00
9,registration,,,error,Random error,2025-03-05 12:13:00
15,post_message,9722,message,success,,2025-03-05 12:13:00
12,login,,,success,,2025-03-05 12:23:00
14,login,,,success,,2025-03-05 12:47:00
18,create_topic,3873,topic,success,,2025-03-05 12:50:00
,post_message,7129,message,success,,2025-03-05 13:40:00
4,registration,,,success,,2025-03-05 14:02:00
,post_message,2163,message,success,,2025-03-05 14:11:00
1,registration,,,success,,2025-03-05 14:22:00
,create_topic,2798,topic,error,User not logged in,2025-03-05 14:46:00
17,delete_topic,5170,topic,success,,2025-03-05 14:53:00
13,delete_topic,4921,topic,success,,2025-03-05 14:56:00
8,registration,,,success,,2025-03-05 15:05:00
10,create_topic,3336,topic,success,,2025-03-05 15:21:00
3,registration,,,error,Random error,2025-03-05 15:31:00
10,create_topic,9575,topic,success,,2025-03-05 15:56:00
15,delete_topic,8851,topic,success,,2025-03-05 16:17:00
,post_message,2283,message,success,,2025-03-05 16:19:00
6,registration,,,success,,2025-03-05 16:19:00
10,login,,,success,,2025-03-05 17:26:00
19,create_topic,4298,topic,success,,2025-03-05 17:34:00
20,logout,,,success,,2025-03-05 17:40:00
13,view_topic,8788,topic,success,,2025-03-05 17:47:00
7,view_topic,7308,topic,success,,2025-03-05 18:24:00
19,login,,,success,,2025-03-05 18:37:00
20,view_topic,6990,topic,success,,2025-03-05 19:40:00
12,first_visit,,,success,,2025-03-05 19:46:00
,create_topic,6300,topic,error,User not logged in,2025-03-05 19:46:00
3,login,,,success,,2025-03-05 19:50:00
12,view_topic,2776,topic,success,,2025-03-05 20:08:00
7,create_topic,9010,topic,success,,2025-03-05 20:30:00
9,delete_topic,4730,topic,success,,2025-03-05 20:34:00
10,create_topic,8834,topic,success,,2025-03-05 20:51:00
5,create_topic,1430,topic,success,,2025-03-05 20:54:00
13,first_visit,,,success,,2025-03-05 21:05:00
12,delete_topic,4942,topic,success,,2025-03-05 21:25:00
9,login,,,error,Random error,2025-03-05 21:37:00
6,login,,,success,,2025-03-05 22:18:00
11,logout,,,success,,2025-03-05 23:08:00
16,delete_topic,1615,topic,success,,2025-03-05 23:08:00
13,delete_topic,2518,topic,success,,2025-03-05 23:16:00
15,delete_topic,3236,topic,success,,2025-03-05 23:49:00
16,delete_topic,4339,topic,success,,2025-03-06 00:25:00
14,login,,,success,,2025-03-06 00:26:00
14,login,,,success,,2025-03-06 00:40:00
,post_message,5202,message,success,,2025-03-06 00:49:00
11,login,,,success,,2025-03-06 01:17:00
,post_message,3941,message,success,,2025-03-06 01:23:00
6,delete_topic,7166,topic,success,,2025-03-06 01:23:00
16,create_topic,6750,topic,success,,2025-03-06 01:24:00
11,create_topic,1118,topic,success,,2025-03-06 01:29:00
18,create_topic,7745,topic,success,,2025-03-06 02:13:00
4,registration,,,success,,2025-03-06 02:19:00
16,logout,,,success,,2025-03-06 02:32:00
14,first_visit,,,success,,2025-03-06 03:12:00
2,logout,,,success,,2025-03-06 03:20:00
2,logout,,,success,,2025-03-06 04:32:00
17,create_topic,5874,topic,success,,2025-03-06 04:35:00
2,first_visit,,,success,,2025-03-06 04:53:00
9,logout,,,success,,2025-03-06 05:41:00
12,registration,,,success,,2025-03-06 05:45:00
7,login,,,success,,2025-03-06 05:47:00
19,registration,,,success,,2025-03-06 05:50:00
7,delete_topic,9851,topic,success,,2025-03-06 06:19:00
5,create_topic,1926,topic,success,,2025-03-06 07:22:00
17,first_visit,,,success,,2025-03-06 07:47:00
11,login,,,success,,2025-03-06 08:38:00
3,logout,,,success,,2025-03-06 08:45:00
20,delete_topic,5902,topic,success,,2025-03-06 08:53:00
16,delete_topic,4548,topic,success,,2025-03-06 09:13:00
11,logout,,,success,,2025-03-06 09:20:00
9,post_message,2639,message,success,,2025-03-06 09:20:00
8,login,,,success,,2025-03-06 09:25:00
9,create_topic,8512,topic,success,,2025-03-06 09:45:00
2,view_topic,2152,topic,success,,2025-03-06 09:59:00
,post_message,7255,message,success,,2025-03-06 10:25:00
5,logout,,,success,,2025-03-06 10:42:00
14,view_topic,4522,topic,success,,2025-03-06 10:58:00
11,view_topic,3925,topic,success,,2025-03-06 11:06:00
15,login,,,success,,2025-03-06 11:41:00
6,login,,,success,,2025-03-06 11:47:00
8,logout,,,success,,2025-03-06 12:24:00
16,registration,,,success,,2025-03-06 12:30:00
15,post_message,2166,message,success,,2025-03-06 13:07:00
6,create_topic,2966,topic,success,,2025-03-06 13:19:00
14,create_topic,8052,topic,success,,2025-03-06 13:44:00
1,registration,,,success,,2025-03-06 13:59:00
17,delete_topic,9577,topic,success,,2025-03-06 14:27:00
11,delete_topic,9686,topic,success,,2025-03-06 14:35:00
,create_topic,6097,topic,error,User not logged in,2025-03-06 14:48:00
17,view_topic,9367,topic,success,,2025-03-06 14:52:00
12,login,,,success,,2025-03-06 15:44:00
10,delete_topic,3847,topic,success,,2025-03-06 15:45:00
17,login,,,error,Random error,2025-03-06 16:04:00
19,registration,,,success,,2025-03-06 16:07:00
15,view_topic,5783,topic,success,,2025-03-06 16:12:00
5,logout,,,success,,2025-03-06 16:38:00
12,logout,,,success,,2025-03-06 16:40:00
17,view_topic,3956,topic,success,,2025-03-06 17:01:00
5,delete_topic,6691,topic,success,,2025-03-06 17:05:00
10,registration,,,success,,2025-03-06 17:06:00
3,delete_topic,2682,topic,success,,2025-03-06 17:33:00
15,login,,,success,,2025-03-06 17:48:00
5,logout,,,success,,2025-03-06 18:27:00
3,first_visit,,,success,,2025-03-06 18:44:00
2,delete_topic,3929,topic,success,,2025-03-06 19:30:00
13,view_topic,4668,topic,success,,2025-03-06 19:58:00
17,delete_topic,8015,topic,success,,2025-03-06 20:12:00
,post_message,4366,message,success,,2025-03-06 20:31:00
,create_topic,8310,topic,error,User not logged in,2025-03-06 20:34:00
14,registration,,,success,,2025-03-06 20:43:00
2,login,,,success,,2025-03-06 20:56:00
7,registration,,,success,,2025-03-06 21:09:00
5,first_visit,,,success,,2025-03-06 21:18:00
10,create_topic,7255,topic,success,,2025-03-06 21:29:00
16,login,,,success,,2025-03-06 21:59:00
17,create_topic,5284,topic,success,,2025-03-06 22:37:00
20,logout,,,error,Random error,2025-03-06 22:59:00
7,login,,,success,,2025-03-06 23:05:00
17,create_topic,7587,topic,success,,2025-03-06 23:33:00
20,first_visit,,,success,,2025-03-06 23:51:00
14,post_message,6129,message,success,,2025-03-06 23:51:00
18,create_topic,9965,topic,success,,2025-03-07 00:40:00
,post_message,8240,message,success,,2025-03-07 01:13:00
2,first_visit,,,success,,2025-03-07 01:38:00
1,login,,,success,,2025-03-07 01:41:00
9,logout,,,success,,2025-03-07 01:44:00
20,view_topic,6014,topic,success,,2025-03-07 02:07:00
,post_message,3938,message,success,,2025-03-07 03:10:00
15,registration,,,success,,2025-03-07 03:24:00
11,logout,,,success,,2025-03-07 04:18:00
,create_topic,1072,topic,error,User not logged in,2025-03-07 04:21:00
13,registration,,,success,,2025-03-07 04:37:00
7,login,,,success,,2025-03-07 05:00:00
17,login,,,success,,2025-03-07 05:03:00
12,logout,,,success,,2025-03-07 05:11:00
13,view_topic,2298,topic,success,,2025-03-07 05:11:00
2,first_visit,,,success,,2025-03-07 06:01:00
4,delete_topic,5806,topic,success,,2025-03-07 06:14:00
11,delete_topic,9605,topic,success,,2025-03-07 07:11:00
12,logout,,,success,,2025-03-07 07:21:00
19,create_topic,4073,topic,success,,2025-03-07 07:28:00
12,view_topic,1070,topic,success,,2025-03-07 07:39:00
4,delete_topic,6399,topic,success,,2025-03-07 07:41:00
16,registration,,,success,,2025-03-07 08:04:00
15,registration,,,success,,2025-03-07 08:45:00
,post_message,4403,message,success,,2025-03-07 08:55:00
8,login,,,success,,2025-03-07 09:04:00
1,create_topic,7149,topic,success,,2025-03-07 09:11:00
15,logout,,,success,,2025-03-07 09:24:00
18,view_topic,3249,topic,success,,2025-03-07 10:13:00
19,view_topic,7664,topic,success,,2025-03-07 10:21:00
5,view_topic,3459,topic,success,,2025-03-07 10:26:00
18,view_topic,1808,topic,error,Random error,2025-03-07 11:06:00
5,registration,,,success,,2025-03-07 11:08:00
11,logout,,,success,,2025-03-07 11:31:00
8,login,,,success,,2025-03-07 11:38:00
18,delete_topic,5007,topic,success,,2025-03-07 11:39:00
20,create_topic,1869,topic,success,,2025-03-07 12:20:00
12,registration,,,success,,2025-03-07 12:37:00
1,view_topic,2513,topic,success,,2025-03-07 12:39:00
5,post_message,3706,message,success,,2025-03-07 12:42:00
9,post_message,4860,message,success,,2025-03-07 12:46:00
17,create_topic,4090,topic,success,,2025-03-07 13:18:00
19,view_topic,2839,topic,success,,2025-03-07 14:21:00
12,post_message,4455,message,success,,2025-03-07 14:31:00
17,login,,,success,,2025-03-07 14:38:00
16,login,,,success,,2025-03-07 14:44:00
11,view_topic,4359,topic,success,,2025-03-07 14:59:00
2,view_topic,6985,topic,success,,2025-03-07 15:22:00
,post_message,5290,message,success,,2025-03-07 15:55:00
6,first_visit,,,success,,2025-03-07 16:07:00
18,create_topic,6888,topic,success,,2025-03-07 16:07:00
6,view_topic,2973,topic,success,,2025-03-07 16:14:00
3,delete_topic,9422,topic,error,Random error,2025-03-07 16:27:00
11,view_topic,5136,topic,success,,2025-03-07 16:50:00
8,login,,,success,,2025-03-07 17:11:00
20,registration,,,success,,2025-03-07 17:16:00
7,delete_topic,3873,topic,success,,2025-03-07 17:42:00
20,create_topic,7540,topic,success,,2025-03-07 17:51:00
11,logout,,,success,,2025-03-07 17:59:00
,create_topic,7640,topic,error,User not logged in,2025-03-07 18:11:00
12,registration,,,success,,2025-03-07 18:46:00
8,logout,,,success,,2025-03-07 18:48:00
10,view_topic,5506,topic,success,,2025-03-07 18:50:00
1,login,,,success,,2025-03-07 18:54:00
4,create_topic,5299,topic,error,Random error,2025-03-07 18:54:00
3,registration,,,success,,2025-03-07 19:03:00
10,view_topic,5025,topic,success,,2025-03-07 19:27:00
4,first_visit,,,success,,2025-03-07 19:31:00
13,logout,,,success,,2025-03-07 19:37:00
11,first_visit,,,success,,2025-03-07 20:08:00
9,first_visit,,,success,,2025-03-07 20:55:00
8,registration,,,success,,2025-03-07 21:17:00
18,login,,,success,,2025-03-07 21:21:00
11,registration,,,success,,2025-03-07 21:50:00
16,logout,,,success,,2025-03-07 22:40:00
17,create_topic,9903,topic,success,,2025-03-07 23:07:00
5,logout,,,success,,2025-03-07 23:08:00
13,create_topic,5962,topic,success,,2025-03-07 23:14:00
20,registration,,,success,,2025-03-07 23:50:00
8,login,,,success,,2025-03-08 00:00:00
20,first_visit,,,success,,2025-03-08 00:18:00
,post_message,4193,message,success,,2025-03-08 00:42:00
19,login,,,success,,2025-03-08 00:57:00
16,view_topic,6392,topic,success,,2025-03-08 01:21:00
1,logout,,,success,,2025-03-08 01:44:00
14,logout,,,success,,2025-03-08 01:48:00
13,registration,,,success,,2025-03-08 02:28:00
14,delete_topic,7038,topic,success,,2025-03-08 02:31:00
18,first_visit,,,success,,2025-03-08 02:43:00
,post_message,3875,message,success,,2025-03-08 03:03:00
17,create_topic,3249,topic,success,,2025-03-08 03:33:00
10,first_visit,,,success,,2025-03-08 03:38:00
14,login,,,success,,2025-03-08 03:55:00
14,registration,,,success,,2025-03-08 04:27:00
7,post_message,4679,message,success,,2025-03-08 04:28:00
2,first_visit,,,success,,2025-03-08 04:29:00
1,delete_topic,2714,topic,success,,2025-03-08 04:38:00
20,login,,,success,,2025-03-08 04:43:00
17,create_topic,2543,topic,success,,2025-03-08 05:09:00
,post_message,2689,message,success,,2025-03-08 05:51:00
6,first_visit,,,success,,2025-03-08 05:56:00
1,registration,,,success,,2025-03-08 06:03:00
9,view_topic,5818,topic,success,,2025-03-08 06:05:00
7,first_visit,,,success,,2025-03-08 06:46:00
4,create_topic,1554,topic,success,,2025-03-08 06:57:00
18,create_topic,8970,topic,error,Random error,2025-03-08 07:18:00
6,registration,,,success,,2025-03-08 07:46:00
,create_topic,8556,topic,error,User not logged in,2025-03-08 07:47:00
10,logout,,,success,,2025-03-08 07:51:00
3,registration,,,success,,2025-03-08 08:06:00
12,view_topic,2721,topic,success,,2025-03-08 08:15:00
1,post_message,5709,message,success,,2025-03-08 08:15:00
2,post_message,7245,message,success,,2025-03-08 08:32:00
18,view_topic,8736,topic,success,,2025-03-08 08:55:00
10,login,,,success,,2025-03-08 08:59:00
20,login,,,success,,2025-03-08 09:42:00
,post_message,9677,message,success,,2025-03-08 10:00:00
4,view_topic,3543,topic,success,,2025-03-08 10:31:00
6,view_topic,1661,topic,success,,2025-03-08 10:51:00
,post_message,8309,message,success,,2025-03-08 11:23:00
18,registration,,,success,,2025-03-08 11:29:00
3,login,,,success,,2025-03-08 11:44:00
7,create_topic,8274,topic,success,,2025-03-08 11:46:00
9,logout,,,success,,2025-03-08 12:02:00
16,logout,,,success,,2025-03-08 12:25:00
6,registration,,,success,,2025-03-08 12:35:00
9,registration,,,error,Random error,2025-03-08 12:43:00
6,first_visit,,,success,,2025-03-08 12:43:00
,create_topic,8407,topic,error,User not logged in,2025-03-08 12:48:00
4,registration,,,success,,2025-03-08 12:50:00
1,delete_topic,5912,topic,success,,2025-03-08 13:20:00
15,registration,,,success,,2025-03-08 14:08:00
15,create_topic,3040,topic,success,,2025-03-08 14:42:00
3,create_topic,4579,topic,success,,2025-03-08 14:43:00
11,view_topic,7297,topic,success,,2025-03-08 14:50:00
,post_message,3654,message,success,,2025-03-08 15:01:00
8,first_visit,,,success,,2025-03-08 15:02:00
14,delete_topic,7943,topic,success,,2025-03-08 15:09:00
6,first_visit,,,success,,2025-03-08 15:09:00
7,post_message,6869,message,success,,2025-03-08 15:16:00
14,view_topic,6470,topic,success,,2025-03-08 15:24:00
3,registration,,,success,,2025-03-08 15:42:00
20,view_topic,3084,topic,success,,2025-03-08 15:51:00
10,view_topic,4221,topic,success,,2025-03-08 15:58:00
16,delete_topic,3660,topic,success,,2025-03-08 16:12:00
2,post_message,2184,message,success,,2025-03-08 16:49:00
11,login,,,success,,2025-03-08 17:23:00
5,first_visit,,,success,,2025-03-08 17:30:00
10,logout,,,success,,2025-03-08 17:58:00
7,create_topic,2182,topic,error,Random error,2025-03-08 18:25:00
4,first_visit,,,success,,2025-03-08 18:31:00
16,registration,,,success,,2025-03-08 18:48:00
14,view_topic,3619,topic,success,,2025-03-08 19:51:00
19,create_topic,2292,topic,success,,2025-03-08 19:59:00
6,delete_topic,3793,topic,error,Random error,2025-03-08 20:06:00
9,post_message,7479,message,success,,2025-03-08 20:49:00
16,view_topic,2249,topic,success,,2025-03-08 20:58:00
4,post_message,2619,message,success,,2025-03-08 21:00:00
8,first_visit,,,success,,2025-03-08 21:34:00
,post_message,5824,message,success,,2025-03-08 21:52:00
18,delete_topic,1540,topic,success,,2025-03-08 22:12:00
8,login,,,success,,2025-03-08 22:43:00
14,post_message,8780,message,success,,2025-03-08 23:29:00
11,first_visit,,,success,,2025-03-08 23:56:00
7,post_message,7873,message,success,,2025-03-09 00:55:00
20,delete_topic,2104,topic,success,,2025-03-09 00:58:00
10,registration,,,success,,2025-03-09 01:09:00
16,view_topic,9819,topic,success,,2025-03-09 01:31:00
16,delete_topic,4770,topic,error,Random error,2025-03-09 01:49:00
3,delete_topic,7425,topic,success,,2025-03-09 01:53:00
,post_message,8962,message,success,,2025-03-09 01:57:00
20,login,,,success,,2025-03-09 02:11:00
18,first_visit,,,success,,2025-03-09 02:41:00
10,registration,,,success,,2025-03-09 03:05:00
11,view_topic,9799,topic,success,,2025-03-09 03:15:00
11,login,,,success,,2025-03-09 03:28:00
16,login,,,success,,2025-03-09 03:49:00
7,first_visit,,,success,,2025-03-09 04:11:00
3,registration,,,success,,2025-03-09 04:18:00
18,delete_topic,6568,topic,success,,2025-03-09 04:18:00
9,login,,,success,,2025-03-09 04:33:00
6,first_visit,,,success,,2025-03-09 05:03:00
11,delete_topic,3737,topic,success,,2025-03-09 05:33:00
13,first_visit,,,success,,2025-03-09 05:48:00
16,post_message,5762,message,success,,2025-03-09 05:51:00
10,post_message,8684,message,success,,2025-03-09 05:55:00
15,delete_topic,2587,topic,success,,2025-03-09 05:57:00
13,login,,,success,,2025-03-09 06:16:00
9,view_topic,9410,topic,success,,2025-03-09 06:48:00
13,logout,,,success,,2025-03-09 06:55:00
14,logout,,,success,,2025-03-09 07:12:00
5,login,,,success,,2025-03-09 07:59:00
5,logout,,,success,,2025-03-09 08:18:00
8,view_topic,6723,topic,success,,2025-03-09 08:55:00
13,registration,,,success,,2025-03-09 08:57:00
18,first_visit,,,success,,2025-03-09 09:17:00
8,logout,,,success,,2025-03-09 09:36:00
15,login,,,success,,2025-03-09 09:48:00
14,login,,,success,,2025-03-09 11:25:00
,post_message,5280,message,success,,2025-03-09 11:57:00
,post_message,7815,message,success,,2025-03-09 12:09:00
,post_message,8704,message,success,,2025-03-09 12:15:00
7,logout,,,success,,2025-03-09 12:27:00
19,delete_topic,7577,topic,success,,2025-03-09 12:52:00
,post_message,5912,message,success,,2025-03-09 13:07:00
17,create_topic,1174,topic,success,,2025-03-09 13:14:00
5,delete_topic,5872,topic,success,,2025-03-09 13:32:00
,post_message,3816,message,success,,2025-03-09 14:10:00
10,logout,,,success,,2025-03-09 14:13:00
12,first_visit,,,success,,2025-03-09 14:15:00
4,login,,,success,,2025-03-09 14:22:00
18,delete_topic,5361,topic,success,,2025-03-09 14:27:00
,post_message,7248,message,success,,2025-03-09 14:48:00
15,view_topic,3663,topic,success,,2025-03-09 15:07:00
1,first_visit,,,success,,2025-03-09 15:12:00
20,registration,,,success,,2025-03-09 15:15:00
15,post_message,9588,message,success,,2025-03-09 15:39:00
5,delete_topic,1055,topic,success,,2025-03-09 15:58:00
13,logout,,,success,,2025-03-09 16:07:00
8,logout,,,success,,2025-03-09 16:20:00
17,logout,,,success,,2025-03-09 16:45:00
2,login,,,success,,2025-03-09 17:20:00
14,first_visit,,,success,,2025-03-09 17:33:00
7,registration,,,success,,2025-03-09 17:39:00
15,login,,,success,,2025-03-09 17:42:00
16,first_visit,,,success,,2025-03-09 17:55:00
6,logout,,,success,,2025-03-09 18:15:00
17,delete_topic,5671,topic,success,,2025-03-09 18:22:00
,create_topic,8567,topic,error,User not logged in,2025-03-09 18:54:00
5,login,,,success,,2025-03-09 18:56:00
11,logout,,,success,,2025-03-09 19:10:00
11,view_topic,9723,topic,success,,2025-03-09 19:24:00
11,post_message,9941,message,success,,2025-03-09 20:21:00
,create_topic,6990,topic,error,User not logged in,2025-03-09 20:37:00
7,logout,,,success,,2025-03-09 20:48:00
14,login,,,success,,2025-03-09 20:57:00
3,logout,,,success,,2025-03-09 21:52:00
7,create_topic,2917,topic,success,,2025-03-09 22:03:00
8,view_topic,7535,topic,success,,2025-03-09 22:04:00
10,login,,,success,,2025-03-09 22:07:00
15,logout,,,success,,2025-03-09 22:10:00
19,logout,,,success,,2025-03-09 22:25:00
17,view_topic,8772,topic,success,,2025-03-09 22:45:00
20,delete_topic,5624,topic,success,,2025-03-09 22:47:00
5,post_message,3070,message,success,,2025-03-09 23:13:00
14,delete_topic,3237,topic,success,,2025-03-09 23:14:00
9,create_topic,8319,topic,success,,2025-03-09 23:57:00
5,registration,,,success,,2025-03-10 00:00:00
20,delete_topic,3623,topic,success,,2025-03-10 00:10:00
18,first_visit,,,success,,2025-03-10 00:15:00
4,delete_topic,2837,topic,success,,2025-03-10 00:44:00
16,login,,,error,Random error,2025-03-10 00:46:00
14,delete_topic,6341,topic,success,,2025-03-10 01:23:00
15,delete_topic,1923,topic,success,,2025-03-10 01:34:00
19,view_topic,6593,topic,success,,2025-03-10 01:40:00
8,logout,,,success,,2025-03-10 02:01:00
4,login,,,success,,2025-03-10 02:28:00
14,view_topic,6783,topic,success,,2025-03-10 02:34:00
5,view_topic,9340,topic,success,,2025-03-10 02:38:00
,post_message,2959,message,success,,2025-03-10 03:33:00
7,login,,,success,,2025-03-10 04:00:00
17,login,,,success,,2025-03-10 04:14:00
3,login,,,success,,2025-03-10 04:19:00
14,registration,,,success,,2025-03-10 04:20:00
8,view_topic,1919,topic,success,,2025-03-10 04:37:00
1,login,,,success,,2025-03-10 04:38:00
12,first_visit,,,success,,2025-03-10 04:46:00
19,post_message,1541,message,success,,2025-03-10 05:10:00
12,delete_topic,3367,topic,success,,2025-03-10 06:39:00
18,registration,,,success,,2025-03-10 06:48:00
8,first_visit,,,success,,2025-03-10 07:17:00
16,delete_topic,4444,topic,success,,2025-03-10 07:22:00
17,login,,,success,,2025-03-10 10:07:00
17,logout,,,success,,2025-03-10 10:09:00
9,first_visit,,,success,,2025-03-10 10:58:00
6,view_topic,9084,topic,success,,2025-03-10 11:11:00
4,first_visit,,,success,,2025-03-10 11:34:00
15,logout,,,success,,2025-03-10 11:35:00
14,logout,,,success,,2025-03-10 11:42:00
9,first_visit,,,success,,2025-03-10 11:49:00
5,login,,,success,,2025-03-10 12:12:00
,create_topic,8414,topic,error,User not logged in,2025-03-10 12:48:00
19,registration,,,success,,2025-03-10 12:58:00
20,first_visit,,,success,,2025-03-10 13:15:00
16,first_visit,,,success,,2025-03-10 13:38:00
6,login,,,success,,2025-03-10 14:12:00
20,registration,,,error,Random error,2025-03-10 14:28:00
6,delete_topic,1418,topic,success,,2025-03-10 14:42:00
4,create_topic,5061,topic,success,,2025-03-10 15:17:00
19,view_topic,7244,topic,success,,2025-03-10 15:44:00
7,create_topic,6411,topic,success,,2025-03-10 15:52:00
14,post_message,1019,message,success,,2025-03-10 16:08:00
,post_message,3974,message,success,,2025-03-10 16:11:00
2,first_visit,,,success,,2025-03-10 16:30:00
13,first_visit,,,success,,2025-03-10 16:33:00
5,registration,,,success,,2025-03-10 17:03:00
,post_message,7260,message,success,,2025-03-10 17:27:00
13,logout,,,success,,2025-03-10 18:11:00
7,post_message,8056,message,success,,2025-03-10 18:27:00
9,registration,,,success,,2025-03-10 18:28:00
13,login,,,success,,2025-03-10 18:42:00
19,registration,,,success,,2025-03-10 19:04:00
16,registration,,,error,Random error,2025-03-10 19:22:00
12,first_visit,,,success,,2025-03-10 19:33:00
3,first_visit,,,error,Random error,2025-03-10 19:35:00
,post_message,8143,message,success,,2025-03-10 19:58:00
8,delete_topic,9898,topic,success,,2025-03-10 20:10:00
9,post_message,9918,message,success,,2025-03-10 20:41:00
4,post_message,1703,message,success,,2025-03-10 21:01:00
8,create_topic,9450,topic,success,,2025-03-10 21:58:00
1,view_topic,6596,topic,success,,2025-03-10 22:00:00
12,login,,,success,,2025-03-10 22:06:00
,create_topic,3450,topic,error,User not logged in,2025-03-10 22:51:00
14,view_topic,3295,topic,success,,2025-03-10 22:54:00
6,registration,,,success,,2025-03-10 23:01:00
11,delete_topic,5071,topic,success,,2025-03-10 23:02:00
10,logout,,,success,,2025-03-10 23:04:00
10,post_message,6623,message,success,,2025-03-10 23:33:00
3,delete_topic,5386,topic,success,,2025-03-10 23:45:00
12,create_topic,2217,topic,success,,2025-03-11 00:10:00
6,delete_topic,4201,topic,success,,2025-03-11 00:13:00
15,view_topic,3490,topic,success,,2025-03-11 00:32:00
20,login,,,success,,2025-03-11 01:14:00
15,delete_topic,6521,topic,success,,2025-03-11 01:14:00
17,post_message,1364,message,success,,2025-03-11 01:43:00
7,create_topic,2192,topic,success,,2025-03-11 01:52:00
19,delete_topic,7834,topic,success,,2025-03-11 02:22:00
,post_message,7306,message,success,,2025-03-11 02:24:00
15,view_topic,4464,topic,success,,2025-03-11 02:30:00
20,registration,,,success,,2025-03-11 02:43:00
,post_message,9738,message,success,,2025-03-11 02:51:00
19,first_visit,,,success,,2025-03-11 03:02:00
3,login,,,success,,2025-03-11 03:19:00
19,logout,,,success,,2025-03-11 03:47:00
5,post_message,3963,message,success,,2025-03-11 04:14:00
1,post_message,5150,message,success,,2025-03-11 04:16:00
5,view_topic,4675,topic,success,,2025-03-11 05:20:00
,create_topic,4474,topic,error,User not logged in,2025-03-11 05:32:00
14,delete_topic,6878,topic,success,,2025-03-11 05:32:00
5,view_topic,2690,topic,success,,2025-03-11 06:08:00
8,view_topic,2974,topic,success,,2025-03-11 06:18:00
6,registration,,,success,,2025-03-11 06:44:00
4,create_topic,6473,topic,success,,2025-03-11 06:49:00
12,view_topic,5195,topic,success,,2025-03-11 07:08:00
18,registration,,,success,,2025-03-11 07:12:00
5,first_visit,,,success,,2025-03-11 07:54:00
12,registration,,,success,,2025-03-11 08:42:00
3,post_message,8018,message,success,,2025-03-11 08:52:00
1,registration,,,success,,2025-03-11 09:07:00
16,login,,,success,,2025-03-11 09:11:00
20,registration,,,success,,2025-03-11 09:12:00
13,create_topic,6664,topic,success,,2025-03-11 09:34:00
9,logout,,,success,,2025-03-11 09:39:00
,post_message,2416,message,success,,2025-03-11 10:49:00
19,login,,,success,,2025-03-11 10:50:00
16,logout,,,success,,2025-03-11 10:56:00
20,registration,,,success,,2025-03-11 11:09:00
11,logout,,,success,,2025-03-11 11:40:00
16,view_topic,2618,topic,success,,2025-03-11 12:01:00
3,post_message,4233,message,success,,2025-03-11 12:43:00
20,delete_topic,1592,topic,success,,2025-03-11 12:56:00
17,view_topic,2160,topic,success,,2025-03-11 13:07:00
13,registration,,,success,,2025-03-11 13:23:00
17,view_topic,1850,topic,success,,2025-03-11 13:27:00
,create_topic,3302,topic,error,User not logged in,2025-03-11 14:52:00
10,first_visit,,,success,,2025-03-11 15:52:00
6,first_visit,,,success,,2025-03-11 16:05:00
17,first_visit,,,success,,2025-03-11 16:49:00
13,post_message,3805,message,success,,2025-03-11 17:09:00
11,logout,,,success,,2025-03-11 17:20:00
2,create_topic,5805,topic,success,,2025-03-11 17:53:00
9,first_visit,,,success,,2025-03-11 17:54:00
5,registration,,,success,,2025-03-11 17:56:00
,post_message,1952,message,success,,2025-03-11 18:19:00
6,delete_topic,2525,topic,success,,2025-03-11 18:21:00
8,view_topic,9472,topic,success,,2025-03-11 18:23:00
13,login,,,success,,2025-03-11 18:38:00
15,logout,,,success,,2025-03-11 19:08:00
6,login,,,success,,2025-03-11 19:36:00
8,view_topic,6380,topic,success,,2025-03-11 19:41:00
20,post_message,6768,message,success,,2025-03-11 19:48:00
8,create_topic,5673,topic,success,,2025-03-11 20:40:00
3,logout,,,success,,2025-03-11 20:48:00
3,delete_topic,5484,topic,success,,2025-03-11 21:09:00
7,view_topic,1525,topic,error,Random error,2025-03-11 21:36:00
2,create_topic,9964,topic,success,,2025-03-11 21:59:00
3,registration,,,success,,2025-03-11 22:10:00
9,logout,,,success,,2025-03-11 22:28:00
,post_message,3590,message,success,,2025-03-11 22:36:00
4,logout,,,success,,2025-03-11 22:37:00
13,delete_topic,5860,topic,success,,2025-03-11 22:48:00
20,delete_topic,9590,topic,success,,2025-03-11 22:52:00
5,post_message,9904,message,success,,2025-03-11 23:15:00
19,delete_topic,3669,topic,success,,2025-03-11 23:43:00
20,logout,,,error,Random error,2025-03-11 23:52:00
1,login,,,success,,2025-03-11 23:58:00
9,create_topic,3414,topic,success,,2025-03-12 00:31:00
15,first_visit,,,success,,2025-03-12 00:34:00
12,login,,,success,,2025-03-12 00:39:00
4,registration,,,error,Random error,2025-03-12 01:00:00
5,registration,,,success,,2025-03-12 01:29:00
19,logout,,,success,,2025-03-12 01:35:00
15,post_message,9208,message,success,,2025-03-12 02:22:00
3,delete_topic,1775,topic,success,,2025-03-12 02:44:00
2,login,,,success,,2025-03-12 02:48:00
,post_message,8257,message,success,,2025-03-12 03:38:00
3,create_topic,9634,topic,success,,2025-03-12 03:41:00
17,registration,,,success,,2025-03-12 03:45:00
7,first_visit,,,success,,2025-03-12 04:31:00
6,logout,,,success,,2025-03-12 04:35:00
,create_topic,3900,topic,error,User not logged in,2025-03-12 04:40:00
6,first_visit,,,success,,2025-03-12 05:08:00
10,login,,,success,,2025-03-12 05:16:00
2,logout,,,error,Random error,2025-03-12 05:30:00
12,post_message,1570,message,success,,2025-03-12 05:32:00
,post_message,2401,message,success,,2025-03-12 05:49:00
13,view_topic,7811,topic,success,,2025-03-12 05:51:00
,create_topic,1856,topic,error,User not logged in,2025-03-12 06:56:00
13,delete_topic,6718,topic,success,,2025-03-12 06:59:00
12,registration,,,success,,2025-03-12 07:05:00
11,first_visit,,,success,,2025-03-12 07:23:00
12,registration,,,success,,2025-03-12 07:35:00
11,login,,,success,,2025-03-12 07:52:00
10,create_topic,5603,topic,success,,2025-03-12 08:22:00
19,first_visit,,,success,,2025-03-12 08:32:00
4,registration,,,success,,2025-03-12 09:04:00
15,create_topic,4996,topic,success,,2025-03-12 09:24:00
9,registration,,,success,,2025-03-12 09:36:00
18,first_visit,,,success,,2025-03-12 09:47:00
14,first_visit,,,success,,2025-03-12 10:15:00
12,delete_topic,2908,topic,success,,2025-03-12 10:25:00
3,create_topic,8009,topic,success,,2025-03-12 10:28:00
10,first_visit,,,error,Random error,2025-03-12 10:39:00
10,first_visit,,,success,,2025-03-12 10:42:00
,post_message,9507,message,success,,2025-03-12 10:59:00
6,logout,,,success,,2025-03-12 11:21:00
2,delete_topic,7431,topic,success,,2025-03-12 11:42:00
2,create_topic,3067,topic,success,,2025-03-12 11:49:00
4,registration,,,success,,2025-03-12 11:54:00
14,login,,,success,,2025-03-12 12:00:00
3,view_topic,5392,topic,success,,2025-03-12 12:11:00
18,logout,,,success,,2025-03-12 12:16:00
8,create_topic,2886,topic,success,,2025-03-12 12:33:00
4,registration,,,success,,2025-03-12 12:46:00
4,logout,,,success,,2025-03-12 12:56:00
17,view_topic,4226,topic,success,,2025-03-12 13:00:00
6,login,,,success,,2025-03-12 13:18:00
6,logout,,,success,,2025-03-12 13:33:00
17,view_topic,2661,topic,success,,2025-03-12 13:48:00
12,logout,,,success,,2025-03-12 13:52:00
9,login,,,success,,2025-03-12 14:06:00
2,create_topic,9908,topic,success,,2025-03-12 14:13:00
15,delete_topic,1982,topic,success,,2025-03-12 14:25:00
3,logout,,,success,,2025-03-12 14:29:00
3,login,,,success,,2025-03-12 14:54:00
,post_message,5484,message,success,,2025-03-12 15:19:00
,post_message,1188,message,success,,2025-03-12 15:20:00
2,create_topic,9959,topic,success,,2025-03-12 15:33:00
2,registration,,,success,,2025-03-12 15:58:00
13,first_visit,,,success,,2025-03-12 16:21:00
14,login,,,success,,2025-03-12 16:30:00
2,first_visit,,,success,,2025-03-12 16:33:00
3,first_visit,,,success,,2025-03-12 16:45:00
15,view_topic,2833,topic,success,,2025-03-12 17:24:00
18,registration,,,success,,2025-03-12 17:49:00
7,logout,,,success,,2025-03-12 17:57:00
19,logout,,,success,,2025-03-12 18:15:00
12,create_topic,8512,topic,success,,2025-03-12 18:23:00
18,first_visit,,,success,,2025-03-12 19:03:00
4,view_topic,4489,topic,success,,2025-03-12 19:31:00
5,first_visit,,,success,,2025-03-12 19:45:00
13,registration,,,success,,2025-03-12 19:55:00
17,first_visit,,,success,,2025-03-12 20:48:00
9,logout,,,error,Random error,2025-03-12 21:28:00
7,registration,,,success,,2025-03-12 21:45:00
3,logout,,,success,,2025-03-12 22:44:00
,post_message,5160,message,success,,2025-03-12 23:06:00
10,create_topic,6500,topic,error,Random error,2025-03-12 23:38:00
7,login,,,success,,2025-03-12 23:46:00
13,login,,,success,,2025-03-12 23:48:00
4,first_visit,,,success,,2025-03-13 00:00:00
6,view_topic,1109,topic,error,Random error,2025-03-13 00:04:00
2,logout,,,success,,2025-03-13 00:08:00
5,create_topic,8103,topic,success,,2025-03-13 00:47:00
12,first_visit,,,success,,2025-03-13 01:06:00
6,post_message,2689,message,success,,2025-03-13 01:45:00
20,create_topic,7408,topic,success,,2025-03-13 01:50:00
9,logout,,,success,,2025-03-13 01:54:00
17,first_visit,,,success,,2025-03-13 02:16:00
15,login,,,error,Random error,2025-03-13 02:28:00
12,login,,,success,,2025-03-13 02:38:00
6,logout,,,success,,2025-03-13 03:15:00
11,login,,,success,,2025-03-13 03:20:00
15,login,,,success,,2025-03-13 03:28:00
6,logout,,,success,,2025-03-13 03:44:00
15,view_topic,3233,topic,success,,2025-03-13 03:51:00
3,first_visit,,,success,,2025-03-13 03:55:00
12,logout,,,success,,2025-03-13 04:11:00
17,logout,,,success,,2025-03-13 04:20:00
,post_message,9336,message,success,,2025-03-13 04:27:00
16,view_topic,6776,topic,success,,2025-03-13 04:32:00
2,first_visit,,,success,,2025-03-13 04:43:00
9,logout,,,success,,2025-03-13 04:58:00
20,delete_topic,8218,topic,success,,2025-03-13 05:16:00
2,view_topic,7715,topic,success,,2025-03-13 05:24:00
13,post_message,3030,message,success,,2025-03-13 05:27:00
14,logout,,,success,,2025-03-13 06:21:00
17,registration,,,success,,2025-03-13 06:21:00
13,view_topic,9579,topic,success,,2025-03-13 06:40:00
2,delete_topic,7056,topic,success,,2025-03-13 07:01:00
18,login,,,success,,2025-03-13 07:06:00
1,logout,,,success,,2025-03-13 07:52:00
11,registration,,,success,,2025-03-13 08:14:00
20,post_message,7489,message,success,,2025-03-13 08:19:00
11,delete_topic,5422,topic,success,,2025-03-13 08:32:00
18,registration,,,success,,2025-03-13 08:41:00
1,delete_topic,3750,topic,success,,2025-03-13 08:50:00
14,create_topic,5813,topic,success,,2025-03-13 09:23:00
9,delete_topic,2598,topic,success,,2025-03-13 09:31:00
15,logout,,,success,,2025-03-13 09:41:00
6,post_message,2158,message,success,,2025-03-13 10:54:00
17,login,,,success,,2025-03-13 11:02:00
5,registration,,,success,,2025-03-13 11:14:00
7,registration,,,success,,2025-03-13 11:25:00
8,registration,,,success,,2025-03-13 12:05:00
16,first_visit,,,success,,2025-03-13 12:37:00
4,first_visit,,,success,,2025-03-13 13:17:00
12,login,,,success,,2025-03-13 13:28:00
,post_message,6729,message,success,,2025-03-13 13:29:00
,post_message,8737,message,success,,2025-03-13 13:31:00
17,create_topic,5077,topic,success,,2025-03-13 14:32:00
10,view_topic,2881,topic,success,,2025-03-13 14:40:00
5,login,,,success,,2025-03-13 14:42:00
1,create_topic,1296,topic,success,,2025-03-13 14:48:00
16,view_topic,1378,topic,success,,2025-03-13 14:56:00
18,post_message,4229,message,success,,2025-03-13 15:01:00
3,view_topic,5507,topic,success,,2025-03-13 15:10:00
6,logout,,,success,,2025-03-13 16:05:00
7,logout,,,error,Random error,2025-03-13 16:29:00
17,create_topic,5874,topic,success,,2025-03-13 16:29:00
19,logout,,,success,,2025-03-13 17:23:00
14,login,,,success,,2025-03-13 17:55:00
,create_topic,7507,topic,error,User not logged in,2025-03-13 18:49:00
5,view_topic,1407,topic,success,,2025-03-13 19:00:00
6,create_topic,8457,topic,success,,2025-03-13 19:02:00
20,delete_topic,3926,topic,success,,2025-03-13 19:20:00
,create_topic,4031,topic,error,User not logged in,2025-03-13 19:25:00
4,view_topic,2216,topic,success,,2025-03-13 19:54:00
20,view_topic,9762,topic,success,,2025-03-13 19:58:00
2,logout,,,success,,2025-03-13 20:37:00
20,logout,,,success,,2025-03-13 21:04:00
10,delete_topic,9047,topic,success,,2025-03-13 21:06:00
13,delete_topic,7526,topic,success,,2025-03-13 21:34:00
11,registration,,,success,,2025-03-13 21:54:00
13,view_topic,5023,topic,success,,2025-03-13 22:22:00
13,registration,,,success,,2025-03-13 22:42:00
2,first_visit,,,success,,2025-03-13 22:42:00
8,login,,,success,,2025-03-13 22:59:00
2,first_visit,,,success,,2025-03-13 23:27:00
2,delete_topic,4405,topic,success,,2025-03-13 23:32:00
16,create_topic,8401,topic,success,,2025-03-14 00:23:00
2,delete_topic,7380,topic,success,,2025-03-14 00:27:00
11,login,,,success,,2025-03-14 00:32:00
10,create_topic,7112,topic,success,,2025-03-14 00:36:00
14,logout,,,success,,2025-03-14 00:37:00
17,logout,,,error,Random error,2025-03-14 00:44:00
6,login,,,success,,2025-03-14 01:36:00
15,post_message,5668,message,success,,2025-03-14 01:40:00
20,first_visit,,,success,,2025-03-14 01:51:00
1,post_message,5817,message,success,,2025-03-14 02:15:00
4,create_topic,1453,topic,success,,2025-03-14 02:17:00
11,create_topic,8255,topic,success,,2025-03-14 02:21:00
9,first_visit,,,success,,2025-03-14 02:21:00
13,post_message,1751,message,success,,2025-03-14 02:23:00
3,post_message,4602,message,success,,2025-03-14 02:30:00
5,delete_topic,4971,topic,success,,2025-03-14 02:55:00
10,logout,,,success,,2025-03-14 03:08:00
16,first_visit,,,success,,2025-03-14 03:16:00
14,create_topic,6773,topic,success,,2025-03-14 03:34:00
17,logout,,,success,,2025-03-14 03:36:00
6,delete_topic,7039,topic,success,,2025-03-14 04:38:00
4,registration,,,success,,2025-03-14 05:18:00
2,delete_topic,9296,topic,success,,2025-03-14 05:49:00
17,delete_topic,7906,topic,success,,2025-03-14 06:43:00
,create_topic,6933,topic,error,User not logged in,2025-03-14 07:00:00
11,delete_topic,3685,topic,success,,2025-03-14 07:14:00
14,registration,,,success,,2025-03-14 07:34:00
12,first_visit,,,success,,2025-03-14 08:02:00
3,view_topic,6765,topic,success,,2025-03-14 08:15:00
5,delete_topic,3314,topic,success,,2025-03-14 08:28:00
16,first_visit,,,success,,2025-03-14 09:14:00
17,first_visit,,,success,,2025-03-14 09:34:00
1,first_visit,,,success,,2025-03-14 09:49:00
15,post_message,6445,message,success,,2025-03-14 10:30:00
18,post_message,5654,message,success,,2025-03-14 10:45:00
6,view_topic,3893,topic,success,,2025-03-14 10:50:00
6,first_visit,,,error,Random error,2025-03-14 11:07:00
6,view_topic,2787,topic,success,,2025-03-14 11:29:00
13,view_topic,3843,topic,success,,2025-03-14 11:41:00
3,create_topic,8636,topic,success,,2025-03-14 11:47:00
4,login,,,success,,2025-03-14 11:55:00
11,first_visit,,,success,,2025-03-14 12:02:00
12,logout,,,success,,2025-03-14 12:10:00
7,view_topic,8682,topic,success,,2025-03-14 12:18:00
9,logout,,,success,,2025-03-14 12:48:00
6,view_topic,6628,topic,success,,2025-03-14 13:23:00
1,view_topic,4993,topic,success,,2025-03-14 13:59:00
16,first_visit,,,success,,2025-03-14 14:18:00
15,delete_topic,7948,topic,success,,2025-03-14 14:42:00
5,logout,,,success,,2025-03-14 15:43:00
17,logout,,,success,,2025-03-14 15:54:00
3,login,,,success,,2025-03-14 16:36:00
14,registration,,,success,,2025-03-14 16:40:00
11,logout,,,success,,2025-03-14 17:16:00
13,delete_topic,7906,topic,success,,2025-03-14 17:39:00
4,login,,,success,,2025-03-14 17:41:00
1,delete_topic,1797,topic,success,,2025-03-14 17:41:00
13,post_message,5415,message,success,,2025-03-14 17:50:00
8,first_visit,,,success,,2025-03-14 17:59:00
11,registration,,,success,,2025-03-14 18:05:00
5,create_topic,6478,topic,success,,2025-03-14 18:10:00
18,delete_topic,4190,topic,success,,2025-03-14 18:46:00
18,create_topic,9686,topic,success,,2025-03-14 18:47:00
6,registration,,,success,,2025-03-14 19:14:00
7,logout,,,success,,2025-03-14 19:39:00
14,create_topic,2303,topic,success,,2025-03-14 19:45:00
18,first_visit,,,success,,2025-03-14 20:03:00
14,view_topic,4322,topic,success,,2025-03-14 20:11:00
7,delete_topic,8136,topic,success,,2025-03-14 20:15:00
13,first_visit,,,success,,2025-03-14 20:16:00
10,registration,,,success,,2025-03-14 20:22:00
6,delete_topic,4881,topic,success,,2025-03-14 20:28:00
6,registration,,,success,,2025-03-14 21:17:00
20,registration,,,success,,2025-03-14 21:19:00
14,first_visit,,,success,,2025-03-14 21:32:00
11,logout,,,success,,2025-03-14 21:49:00
4,delete_topic,2665,topic,success,,2025-03-14 22:05:00
15,first_visit,,,success,,2025-03-14 22:09:00
1,logout,,,success,,2025-03-14 22:16:00
,create_topic,5464,topic,error,User not logged in,2025-03-14 22:28:00
14,view_topic,6633,topic,success,,2025-03-14 22:36:00
3,logout,,,success,,2025-03-14 22:36:00
7,view_topic,1409,topic,success,,2025-03-14 22:49:00
1,view_topic,4298,topic,error,Random error,2025-03-14 23:18:00
7,logout,,,success,,2025-03-14 23:27:00
3,registration,,,success,,2025-03-14 23:40:00
12,registration,,,success,,2025-03-14 23:50:00
13,create_topic,4329,topic,success,,2025-03-15 00:08:00
13,view_topic,8012,topic,success,,2025-03-15 00:19:00
4,view_topic,2931,topic,success,,2025-03-15 00:31:00
19,first_visit,,,success,,2025-03-15 00:39:00
2,logout,,,success,,2025-03-15 01:13:00
,post_message,4988,message,success,,2025-03-15 01:25:00
15,view_topic,1437,topic,success,,2025-03-15 01:52:00
13,registration,,,success,,2025-03-15 02:18:00
19,login,,,success,,2025-03-15 02:34:00
19,logout,,,success,,2025-03-15 03:48:00
4,login,,,success,,2025-03-15 03:58:00
5,delete_topic,5156,topic,success,,2025-03-15 05:01:00
14,view_topic,5945,topic,success,,2025-03-15 05:13:00
13,registration,,,success,,2025-03-15 05:23:00
11,delete_topic,9433,topic,success,,2025-03-15 05:45:00
10,registration,,,success,,2025-03-15 05:47:00
18,delete_topic,5014,topic,error,Random error,2025-03-15 05:49:00
,post_message,5222,message,success,,2025-03-15 06:25:00
8,view_topic,3569,topic,success,,2025-03-15 07:12:00
,create_topic,4633,topic,error,User not logged in,2025-03-15 07:29:00
5,view_topic,7370,topic,success,,2025-03-15 07:53:00
16,delete_topic,5596,topic,success,,2025-03-15 07:58:00
14,view_topic,2020,topic,success,,2025-03-15 08:12:00
8,login,,,success,,2025-03-15 08:20:00
6,create_topic,3955,topic,success,,2025-03-15 08:22:00
11,first_visit,,,success,,2025-03-15 08:25:00
4,delete_topic,2618,topic,success,,2025-03-15 08:58:00
14,view_topic,8904,topic,success,,2025-03-15 09:21:00
1,registration,,,success,,2025-03-15 09:41:00
19,delete_topic,8257,topic,success,,2025-03-15 09:59:00
,post_message,6265,message,success,,2025-03-15 10:22:00
18,registration,,,error,Random error,2025-03-15 10:30:00
12,delete_topic,8197,topic,success,,2025-03-15 10:43:00
11,delete_topic,4467,topic,success,,2025-03-15 11:32:00
14,login,,,success,,2025-03-15 11:36:00
,post_message,3102,message,success,,2025-03-15 11:41:00
7,view_topic,6286,topic,success,,2025-03-15 12:01:00
18,login,,,success,,2025-03-15 12:20:00
,post_message,4737,message,success,,2025-03-15 12:46:00
,post_message,7948,message,success,,2025-03-15 12:55:00
10,first_visit,,,success,,2025-03-15 14:39:00
6,view_topic,8423,topic,success,,2025-03-15 14:57:00
1,delete_topic,9239,topic,success,,2025-03-15 15:10:00
13,login,,,success,,2025-03-15 15:23:00
1,post_message,3524,message,success,,2025-03-15 15:27:00
13,post_message,5531,message,success,,2025-03-15 15:38:00
13,logout,,,success,,2025-03-15 16:15:00
11,view_topic,3484,topic,success,,2025-03-15 18:19:00
5,view_topic,7614,topic,error,Random error,2025-03-15 18:23:00
19,logout,,,success,,2025-03-15 18:30:00
20,delete_topic,4307,topic,success,,2025-03-15 18:48:00
14,delete_topic,7907,topic,success,,2025-03-15 20:19:00
6,logout,,,success,,2025-03-15 20:19:00
11,create_topic,1061,topic,success,,2025-03-15 20:30:00
15,create_topic,9870,topic,success,,2025-03-15 20:31:00
4,view_topic,5035,topic,success,,2025-03-15 20:45:00
6,first_visit,,,success,,2025-03-15 20:48:00
10,login,,,success,,2025-03-15 21:07:00
2,view_topic,4035,topic,success,,2025-03-15 21:10:00
8,registration,,,success,,2025-03-15 21:19:00
9,view_topic,1643,topic,success,,2025-03-15 21:33:00
,create_topic,7848,topic,error,User not logged in,2025-03-15 22:16:00
13,first_visit,,,success,,2025-03-15 22:18:00
5,delete_topic,6203,topic,success,,2025-03-15 22:22:00
11,delete_topic,9905,topic,success,,2025-03-15 23:09:00
14,first_visit,,,success,,2025-03-15 23:55:00
19,login,,,success,,2025-03-16 00:05:00
20,registration,,,success,,2025-03-16 00:05:00
15,registration,,,success,,2025-03-16 00:06:00
6,delete_topic,3409,topic,success,,2025-03-16 00:48:00
3,first_visit,,,success,,2025-03-16 01:18:00
14,registration,,,success,,2025-03-16 01:20:00
17,registration,,,success,,2025-03-16 01:25:00
15,logout,,,success,,2025-03-16 01:42:00
18,delete_topic,2102,topic,success,,2025-03-16 02:01:00
5,delete_topic,6263,topic,success,,2025-03-16 02:30:00
20,post_message,6349,message,success,,2025-03-16 02:51:00
,post_message,3250,message,success,,2025-03-16 03:11:00
7,create_topic,8293,topic,success,,2025-03-16 03:23:00
2,login,,,success,,2025-03-16 03:41:00
20,registration,,,success,,2025-03-16 03:55:00
6,view_topic,6083,topic,success,,2025-03-16 04:04:00
9,registration,,,success,,2025-03-16 04:05:00
1,first_visit,,,success,,2025-03-16 04:07:00
,create_topic,4666,topic,error,User not logged in,2025-03-16 04:25:00
20,login,,,success,,2025-03-16 04:57:00
,post_message,7780,message,success,,2025-03-16 05:05:00
7,login,,,success,,2025-03-16 05:07:00
14,logout,,,success,,2025-03-16 05:58:00
3,post_message,9305,message,success,,2025-03-16 06:25:00
15,post_message,5797,message,success,,2025-03-16 06:45:00
3,delete_topic,7326,topic,success,,2025-03-16 07:03:00
,post_message,7087,message,success,,2025-03-16 07:13:00
18,view_topic,1273,topic,success,,2025-03-16 07:24:00
14,view_topic,2835,topic,success,,2025-03-16 08:17:00
7,login,,,success,,2025-03-16 08:31:00
4,delete_topic,4127,topic,success,,2025-03-16 09:22:00
8,first_visit,,,success,,2025-03-16 09:47:00
11,login,,,success,,2025-03-16 10:22:00
12,logout,,,success,,2025-03-16 10:32:00
7,create_topic,6801,topic,success,,2025-03-16 11:08:00
3,registration,,,error,Random error,2025-03-16 11:09:00
15,logout,,,error,Random error,2025-03-16 11:45:00
,post_message,1884,message,success,,2025-03-16 11:57:00
20,view_topic,8524,topic,success,,2025-03-16 12:46:00
3,login,,,success,,2025-03-16 13:04:00
15,registration,,,success,,2025-03-16 13:47:00
19,create_topic,8530,topic,success,,2025-03-16 14:34:00
,post_message,1223,message,success,,2025-03-16 14:45:00
19,view_topic,8059,topic,success,,2025-03-16 14:53:00
4,create_topic,9542,topic,success,,2025-03-16 14:54:00
1,registration,,,success,,2025-03-16 15:38:00
10,registration,,,success,,2025-03-16 15:56:00
13,delete_topic,9233,topic,success,,2025-03-16 16:00:00
8,login,,,success,,2025-03-16 17:42:00
7,first_visit,,,success,,2025-03-16 17:42:00
16,login,,,success,,2025-03-16 17:47:00
3,create_topic,7388,topic,success,,2025-03-16 17:55:00
,post_message,4354,message,success,,2025-03-16 18:14:00
19,create_topic,6354,topic,success,,2025-03-16 18:27:00
15,login,,,success,,2025-03-16 18:32:00
20,view_topic,7941,topic,success,,2025-03-16 18:38:00
5,post_message,3038,message,success,,2025-03-16 18:45:00
12,logout,,,success,,2025-03-16 18:52:00
9,view_topic,1377,topic,success,,2025-03-16 19:43:00
2,logout,,,success,,2025-03-16 19:47:00
15,view_topic,7082,topic,success,,2025-03-16 20:30:00
12,create_topic,1698,topic,success,,2025-03-16 20:31:00
17,view_topic,4585,topic,success,,2025-03-16 21:12:00
13,view_topic,8043,topic,success,,2025-03-16 21:31:00
4,first_visit,,,success,,2025-03-16 21:36:00
19,view_topic,9970,topic,error,Random error,2025-03-16 21:44:00
,create_topic,1774,topic,error,User not logged in,2025-03-16 21:46:00
7,first_visit,,,success,,2025-03-16 22:01:00
7,registration,,,success,,2025-03-16 22:04:00
3,registration,,,success,,2025-03-16 22:32:00
15,login,,,success,,2025-03-16 22:39:00
2,login,,,success,,2025-03-16 23:03:00
14,create_topic,2327,topic,success,,2025-03-16 23:18:00
18,login,,,error,Random error,2025-03-16 23:26:00
18,delete_topic,9362,topic,success,,2025-03-16 23:54:00
6,logout,,,success,,2025-03-17 00:42:00
18,delete_topic,2442,topic,success,,2025-03-17 00:42:00
,post_message,8503,message,success,,2025-03-17 00:55:00
14,login,,,success,,2025-03-17 02:02:00
3,create_topic,1103,topic,success,,2025-03-17 02:04:00
1,view_topic,5558,topic,success,,2025-03-17 02:04:00
,post_message,4060,message,success,,2025-03-17 02:22:00
,post_message,1929,message,success,,2025-03-17 02:54:00
5,create_topic,9264,topic,success,,2025-03-17 03:09:00
11,logout,,,success,,2025-03-17 03:15:00
17,view_topic,1627,topic,success,,2025-03-17 03:26:00
20,first_visit,,,success,,2025-03-17 03:28:00
15,login,,,error,Random error,2025-03-17 03:32:00
,create_topic,5566,topic,error,User not logged in,2025-03-17 03:38:00
17,view_topic,3284,topic,success,,2025-03-17 04:05:00
19,first_visit,,,success,,2025-03-17 04:08:00
2,view_topic,5092,topic,success,,2025-03-17 04:15:00
12,create_topic,2675,topic,success,,2025-03-17 04:21:00
,post_message,8088,message,success,,2025-03-17 04:50:00
11,logout,,,success,,2025-03-17 06:20:00
10,first_visit,,,success,,2025-03-17 06:39:00
7,logout,,,success,,2025-03-17 06:44:00
1,logout,,,success,,2025-03-17 06:52:00
,post_message,7148,message,success,,2025-03-17 07:20:00
17,logout,,,success,,2025-03-17 07:35:00
15,view_topic,6257,topic,success,,2025-03-17 07:40:00
14,first_visit,,,success,,2025-03-17 08:27:00
1,registration,,,success,,2025-03-17 08:43:00
16,first_visit,,,success,,2025-03-17 09:02:00
2,create_topic,5491,topic,success,,2025-03-17 09:08:00
16,view_topic,3111,topic,success,,2025-03-17 09:22:00
,post_message,1764,message,success,,2025-03-17 09:25:00
9,delete_topic,3601,topic,success,,2025-03-17 09:29:00
2,create_topic,1696,topic,success,,2025-03-17 09:31:00
,post_message,3298,message,success,,2025-03-17 09:59:00
9,login,,,success,,2025-03-17 10:12:00
18,post_message,1081,message,success,,2025-03-17 10:15:00
5,view_topic,9902,topic,success,,2025-03-17 10:28:00
1,login,,,success,,2025-03-17 10:29:00
1,create_topic,9279,topic,success,,2025-03-17 10:37:00
,post_message,7532,message,success,,2025-03-17 11:01:00
1,registration,,,success,,2025-03-17 11:52:00
17,view_topic,8169,topic,success,,2025-03-17 11:53:00
3,logout,,,success,,2025-03-17 12:13:00
,create_topic,2905,topic,error,User not logged in,2025-03-17 12:35:00
5,post_message,6318,message,success,,2025-03-17 12:50:00
5,create_topic,7775,topic,success,,2025-03-17 13:13:00
6,first_visit,,,success,,2025-03-17 13:33:00
,post_message,7610,message,success,,2025-03-17 13:51:00
14,delete_topic,6194,topic,success,,2025-03-17 15:00:00
,post_message,3288,message,success,,2025-03-17 15:42:00
3,create_topic,1485,topic,success,,2025-03-17 16:00:00
7,post_message,8773,message,success,,2025-03-17 17:22:00
20,post_message,1840,message,success,,2025-03-17 17:31:00
9,delete_topic,2864,topic,success,,2025-03-17 17:40:00
17,delete_topic,7393,topic,success,,2025-03-17 17:56:00
18,registration,,,success,,2025-03-17 18:10:00
5,create_topic,5145,topic,success,,2025-03-17 18:14:00
11,registration,,,success,,2025-03-17 18:18:00
17,view_topic,1189,topic,success,,2025-03-17 18:31:00
5,delete_topic,3132,topic,success,,2025-03-17 18:51:00
12,login,,,success,,2025-03-17 18:59:00
11,view_topic,2705,topic,success,,2025-03-17 19:12:00
19,first_visit,,,success,,2025-03-17 19:13:00
16,logout,,,success,,2025-03-17 19:19:00
16,create_topic,6211,topic,error,Random error,2025-03-17 20:13:00
10,create_topic,4006,topic,success,,2025-03-17 20:40:00
20,registration,,,success,,2025-03-17 20:41:00
17,view_topic,9009,topic,error,Random error,2025-03-17 20:48:00
5,first_visit,,,success,,2025-03-17 20:54:00
3,registration,,,success,,2025-03-17 20:54:00
7,delete_topic,9777,topic,success,,2025-03-17 21:08:00
13,logout,,,success,,2025-03-17 21:25:00
7,create_topic,6655,topic,success,,2025-03-17 22:21:00
8,create_topic,1669,topic,success,,2025-03-17 22:32:00
3,logout,,,success,,2025-03-17 22:33:00
14,view_topic,4895,topic,success,,2025-03-17 22:36:00
10,first_visit,,,error,Random error,2025-03-17 23:04:00
14,registration,,,success,,2025-03-17 23:18:00
4,logout,,,error,Random error,2025-03-17 23:20:00
18,first_visit,,,success,,2025-03-17 23:39:00
14,registration,,,success,,2025-03-17 23:55:00
11,view_topic,8315,topic,success,,2025-03-18 00:03:00
2,logout,,,success,,2025-03-18 00:09:00
1,first_visit,,,success,,2025-03-18 00:17:00
6,first_visit,,,success,,2025-03-18 00:34:00
,create_topic,5795,topic,error,User not logged in,2025-03-18 01:02:00
19,logout,,,success,,2025-03-18 02:01:00
6,first_visit,,,success,,2025-03-18 02:08:00
13,create_topic,9146,topic,success,,2025-03-18 02:21:00
11,view_topic,7806,topic,success,,2025-03-18 02:31:00
14,delete_topic,3799,topic,success,,2025-03-18 03:00:00
7,logout,,,success,,2025-03-18 03:10:00
14,logout,,,success,,2025-03-18 03:14:00
15,login,,,success,,2025-03-18 03:29:00
13,delete_topic,2398,topic,success,,2025-03-18 03:32:00
2,first_visit,,,success,,2025-03-18 03:55:00
,post_message,5580,message,success,,2025-03-18 04:08:00
13,registration,,,success,,2025-03-18 04:31:00
,post_message,3783,message,success,,2025-03-18 05:09:00
16,registration,,,success,,2025-03-18 05:14:00
10,first_visit,,,success,,2025-03-18 05:22:00
3,logout,,,success,,2025-03-18 05:25:00
2,login,,,success,,2025-03-18 05:26:00
3,first_visit,,,success,,2025-03-18 06:07:00
1,create_topic,7710,topic,success,,2025-03-18 06:26:00
,post_message,7057,message,success,,2025-03-18 06:36:00
13,login,,,success,,2025-03-18 06:46:00
4,view_topic,2999,topic,success,,2025-03-18 07:14:00
16,view_topic,1730,topic,success,,2025-03-18 07:18:00
3,create_topic,3301,topic,success,,2025-03-18 07:30:00
10,logout,,,success,,2025-03-18 07:42:00
5,login,,,success,,2025-03-18 08:06:00
,post_message,9403,message,success,,2025-03-18 08:07:00
7,first_visit,,,success,,2025-03-18 08:21:00
6,create_topic,3930,topic,success,,2025-03-18 08:26:00
19,view_topic,7702,topic,success,,2025-03-18 08:32:00
20,registration,,,success,,2025-03-18 09:09:00
,post_message,8767,message,success,,2025-03-18 09:25:00
20,first_visit,,,success,,2025-03-18 10:34:00
10,logout,,,success,,2025-03-18 10:50:00
15,logout,,,success,,2025-03-18 10:51:00
6,registration,,,success,,2025-03-18 11:21:00
9,logout,,,success,,2025-03-18 11:21:00
8,registration,,,success,,2025-03-18 11:50:00
10,delete_topic,4604,topic,success,,2025-03-18 12:18:00
3,logout,,,success,,2025-03-18 12:19:00
,post_message,7016,message,success,,2025-03-18 12:23:00
12,login,,,success,,2025-03-18 12:33:00
,create_topic,9114,topic,error,User not logged in,2025-03-18 12:48:00
,post_message,3251,message,success,,2025-03-18 12:48:00
20,registration,,,success,,2025-03-18 13:30:00
6,delete_topic,7839,topic,success,,2025-03-18 13:41:00
10,first_visit,,,success,,2025-03-18 13:51:00
18,delete_topic,4248,topic,success,,2025-03-18 14:08:00
15,view_topic,3116,topic,success,,2025-03-18 14:17:00
19,post_message,9803,message,success,,2025-03-18 14:28:00
17,logout,,,success,,2025-03-18 14:31:00
9,login,,,success,,2025-03-18 15:52:00
10,view_topic,7666,topic,success,,2025-03-18 16:02:00
14,delete_topic,3926,topic,success,,2025-03-18 16:10:00
2,post_message,5357,message,success,,2025-03-18 16:29:00
13,first_visit,,,success,,2025-03-18 16:32:00
11,delete_topic,7874,topic,success,,2025-03-18 16:51:00
20,view_topic,4477,topic,success,,2025-03-18 16:58:00
3,login,,,success,,2025-03-18 17:06:00
6,post_message,3173,message,success,,2025-03-18 17:07:00
5,logout,,,success,,2025-03-18 17:30:00
8,login,,,success,,2025-03-18 17:37:00
12,first_visit,,,success,,2025-03-18 18:14:00
,post_message,4473,message,success,,2025-03-18 18:57:00
9,first_visit,,,success,,2025-03-18 19:28:00
16,delete_topic,5725,topic,success,,2025-03-18 19:29:00
10,logout,,,success,,2025-03-18 19:37:00
5,login,,,success,,2025-03-18 19:39:00
7,login,,,success,,2025-03-18 19:41:00
3,registration,,,success,,2025-03-18 19:46:00
8,create_topic,3341,topic,success,,2025-03-18 19:48:00
6,registration,,,success,,2025-03-18 19:53:00
10,view_topic,2664,topic,success,,2025-03-18 20:03:00
13,create_topic,6368,topic,success,,2025-03-18 20:32:00
13,first_visit,,,success,,2025-03-18 20:35:00
10,delete_topic,3924,topic,success,,2025-03-18 20:58:00
6,first_visit,,,success,,2025-03-18 21:10:00
2,login,,,success,,2025-03-18 21:21:00
13,create_topic,1254,topic,success,,2025-03-18 21:22:00
5,logout,,,error,Random error,2025-03-18 21:54:00
20,create_topic,7425,topic,success,,2025-03-18 22:14:00
7,login,,,success,,2025-03-18 22:15:00
16,first_visit,,,success,,2025-03-18 22:27:00
12,view_topic,2814,topic,success,,2025-03-18 22:42:00
6,login,,,success,,2025-03-18 23:39:00
3,create_topic,9683,topic,success,,2025-03-18 23:39:00
20,view_topic,3366,topic,success,,2025-03-18 23:50:00
20,login,,,success,,2025-03-18 23:55:00
,post_message,8644,message,success,,2025-03-19 00:21:00
15,registration,,,success,,2025-03-19 00:27:00
12,logout,,,success,,2025-03-19 00:35:00
4,create_topic,1602,topic,error,Random error,2025-03-19 01:16:00
9,post_message,3076,message,success,,2025-03-19 01:27:00
1,login,,,error,Random error,2025-03-19 01:40:00
10,first_visit,,,success,,2025-03-19 01:48:00
12,login,,,success,,2025-03-19 02:03:00
8,login,,,success,,2025-03-19 02:45:00
,post_message,9393,message,success,,2025-03-19 02:46:00
10,logout,,,success,,2025-03-19 03:10:00
13,delete_topic,3667,topic,success,,2025-03-19 03:23:00
5,create_topic,9661,topic,success,,2025-03-19 03:57:00
14,view_topic,3055,topic,success,,2025-03-19 04:10:00
9,logout,,,success,,2025-03-19 04:22:00
11,first_visit,,,success,,2025-03-19 04:32:00
15,post_message,2637,message,success,,2025-03-19 05:10:00
3,view_topic,1763,topic,success,,2025-03-19 05:28:00
16,view_topic,5115,topic,error,Random error,2025-03-19 05:36:00
14,delete_topic,5247,topic,success,,2025-03-19 05:46:00
12,registration,,,success,,2025-03-19 05:57:00
5,logout,,,success,,2025-03-19 06:09:00
19,logout,,,success,,2025-03-19 06:20:00
19,registration,,,success,,2025-03-19 06:52:00
7,first_visit,,,success,,2025-03-19 06:58:00
18,first_visit,,,success,,2025-03-19 07:27:00
11,login,,,success,,2025-03-19 07:42:00
2,delete_topic,7677,topic,success,,2025-03-19 07:42:00
16,first_visit,,,success,,2025-03-19 08:00:00
17,logout,,,success,,2025-03-19 08:00:00
16,post_message,7029,message,success,,2025-03-19 08:23:00
20,first_visit,,,success,,2025-03-19 08:25:00
,post_message,9248,message,success,,2025-03-19 08:30:00
4,create_topic,8095,topic,success,,2025-03-19 08:43:00
5,first_visit,,,success,,2025-03-19 08:48:00
20,logout,,,success,,2025-03-19 08:50:00
11,view_topic,3511,topic,success,,2025-03-19 09:28:00
3,first_visit,,,success,,2025-03-19 09:48:00
14,view_topic,1333,topic,success,,2025-03-19 09:48:00
18,login,,,success,,2025-03-19 10:32:00
20,login,,,success,,2025-03-19 10:37:00
15,create_topic,9880,topic,success,,2025-03-19 10:58:00
8,registration,,,success,,2025-03-19 11:15:00
,post_message,9329,message,success,,2025-03-19 11:29:00
10,post_message,5646,message,success,,2025-03-19 11:32:00
12,registration,,,success,,2025-03-19 12:16:00
4,registration,,,success,,2025-03-19 12:19:00
9,registration,,,success,,2025-03-19 13:08:00
20,delete_topic,2297,topic,success,,2025-03-19 13:13:00
16,create_topic,9580,topic,success,,2025-03-19 13:14:00
6,first_visit,,,success,,2025-03-19 13:53:00
2,delete_topic,5431,topic,success,,2025-03-19 14:25:00
5,create_topic,3806,topic,success,,2025-03-19 14:27:00
10,login,,,success,,2025-03-19 14:34:00
2,logout,,,success,,2025-03-19 14:42:00
18,first_visit,,,success,,2025-03-19 14:55:00
5,registration,,,success,,2025-03-19 14:59:00
10,create_topic,3546,topic,success,,2025-03-19 15:03:00
14,view_topic,5714,topic,success,,2025-03-19 15:06:00
4,registration,,,success,,2025-03-19 15:57:00
,create_topic,7440,topic,error,User not logged in,2025-03-19 16:02:00
4,post_message,2139,message,success,,2025-03-19 16:18:00
18,login,,,success,,2025-03-19 16:37:00
16,registration,,,success,,2025-03-19 16:39:00
7,login,,,success,,2025-03-19 16:43:00
5,delete_topic,7671,topic,success,,2025-03-19 16:51:00
12,registration,,,success,,2025-03-19 16:57:00
10,registration,,,success,,2025-03-19 17:27:00
,post_message,7189,message,success,,2025-03-19 17:35:00
1,delete_topic,8293,topic,success,,2025-03-19 17:48:00
9,first_visit,,,success,,2025-03-19 17:52:00
11,create_topic,9896,topic,success,,2025-03-19 18:03:00
14,delete_topic,9694,topic,success,,2025-03-19 18:16:00
15,first_visit,,,success,,2025-03-19 18:34:00
,create_topic,4213,topic,error,User not logged in,2025-03-19 18:47:00
11,post_message,6552,message,success,,2025-03-19 18:48:00
,post_message,6378,message,success,,2025-03-19 18:49:00
18,create_topic,5638,topic,success,,2025-03-19 18:51:00
7,registration,,,success,,2025-03-19 19:02:00
10,login,,,success,,2025-03-19 19:12:00
,post_message,7893,message,success,,2025-03-19 20:08:00
4,registration,,,error,Random error,2025-03-19 20:21:00
11,create_topic,6125,topic,success,,2025-03-19 20:48:00
6,view_topic,9182,topic,success,,2025-03-19 21:05:00
4,login,,,success,,2025-03-19 21:17:00
19,view_topic,9876,topic,success,,2025-03-19 21:22:00
11,logout,,,success,,2025-03-19 21:28:00
12,logout,,,success,,2025-03-19 21:50:00
7,post_message,7941,message,success,,2025-03-19 22:17:00
17,view_topic,3659,topic,success,,2025-03-19 22:38:00
6,create_topic,3177,topic,success,,2025-03-19 22:49:00
12,post_message,2349,message,success,,2025-03-19 22:49:00
8,login,,,success,,2025-03-19 23:06:00
13,logout,,,success,,2025-03-19 23:08:00
1,delete_topic,2544,topic,success,,2025-03-19 23:10:00
19,login,,,success,,2025-03-19 23:14:00
1,view_topic,3783,topic,success,,2025-03-19 23:26:00
5,logout,,,success,,2025-03-19 23:34:00
4,registration,,,error,Random error,2025-03-20 00:20:00
4,logout,,,success,,2025-03-20 00:41:00
4,registration,,,success,,2025-03-20 00:46:00
16,first_visit,,,success,,2025-03-20 00:51:00
13,login,,,success,,2025-03-20 01:01:00
5,registration,,,success,,2025-03-20 01:10:00
14,login,,,success,,2025-03-20 01:55:00
15,delete_topic,7245,topic,success,,2025-03-20 02:53:00
3,post_message,3041,message,success,,2025-03-20 02:54:00
4,delete_topic,2322,topic,success,,2025-03-20 03:02:00
6,login,,,success,,2025-03-20 03:12:00
7,view_topic,3086,topic,success,,2025-03-20 03:49:00
5,view_topic,8817,topic,success,,2025-03-20 04:11:00
6,first_visit,,,success,,2025-03-20 04:28:00
19,view_topic,9429,topic,success,,2025-03-20 04:51:00
16,logout,,,success,,2025-03-20 05:07:00
19,create_topic,3820,topic,success,,2025-03-20 05:18:00
2,registration,,,success,,2025-03-20 05:23:00
14,login,,,success,,2025-03-20 05:24:00
,create_topic,9802,topic,error,User not logged in,2025-03-20 05:28:00
10,login,,,success,,2025-03-20 05:31:00
8,delete_topic,1251,topic,success,,2025-03-20 06:28:00
18,delete_topic,2139,topic,success,,2025-03-20 06:53:00
7,view_topic,4515,topic,error,Random error,2025-03-20 07:05:00
9,post_message,2770,message,success,,2025-03-20 07:11:00
18,view_topic,8350,topic,success,,2025-03-20 07:31:00
20,view_topic,3975,topic,success,,2025-03-20 07:32:00
18,logout,,,success,,2025-03-20 07:32:00
11,first_visit,,,success,,2025-03-20 08:04:00
15,create_topic,3734,topic,success,,2025-03-20 08:15:00
,post_message,3938,message,success,,2025-03-20 08:21:00
19,delete_topic,6847,topic,success,,2025-03-20 09:28:00
15,first_visit,,,error,Random error,2025-03-20 09:32:00
14,registration,,,success,,2025-03-20 09:44:00
9,view_topic,5346,topic,success,,2025-03-20 09:51:00
12,logout,,,success,,2025-03-20 09:55:00
11,first_visit,,,success,,2025-03-20 09:58:00
5,view_topic,5950,topic,success,,2025-03-20 10:04:00
10,post_message,4460,message,success,,2025-03-20 10:05:00
3,delete_topic,5396,topic,success,,2025-03-20 10:14:00
9,logout,,,success,,2025-03-20 10:32:00
17,post_message,6107,message,success,,2025-03-20 11:07:00
10,login,,,error,Random error,2025-03-20 11:10:00
17,view_topic,2034,topic,success,,2025-03-20 12:45:00
,post_message,3179,message,success,,2025-03-20 12:57:00
7,post_message,5397,message,success,,2025-03-20 12:58:00
4,registration,,,error,Random error,2025-03-20 13:16:00
10,registration,,,success,,2025-03-20 13:17:00
20,first_visit,,,success,,2025-03-20 13:18:00
9,login,,,success,,2025-03-20 13:19:00
12,logout,,,success,,2025-03-20 13:33:00
15,view_topic,6875,topic,success,,2025-03-20 13:49:00
15,first_visit,,,success,,2025-03-20 14:00:00
1,registration,,,success,,2025-03-20 14:00:00
10,view_topic,5072,topic,success,,2025-03-20 14:06:00
5,registration,,,success,,2025-03-20 14:27:00
20,login,,,success,,2025-03-20 14:31:00
10,first_visit,,,success,,2025-03-20 14:31:00
,post_message,9605,message,success,,2025-03-20 14:39:00
12,first_visit,,,success,,2025-03-20 16:39:00
20,delete_topic,3877,topic,success,,2025-03-20 16:40:00
18,registration,,,success,,2025-03-20 17:00:00
4,registration,,,success,,2025-03-20 17:02:00
11,first_visit,,,success,,2025-03-20 17:18:00
4,first_visit,,,success,,2025-03-20 17:33:00
20,view_topic,4022,topic,success,,2025-03-20 17:36:00
2,post_message,1526,message,success,,2025-03-20 17:42:00
2,delete_topic,4986,topic,success,,2025-03-20 17:49:00
,create_topic,8954,topic,error,User not logged in,2025-03-20 18:05:00
5,registration,,,success,,2025-03-20 18:59:00
5,logout,,,success,,2025-03-20 19:04:00
18,delete_topic,7560,topic,success,,2025-03-20 19:06:00
16,delete_topic,1930,topic,error,Random error,2025-03-20 19:11:00
5,create_topic,5781,topic,success,,2025-03-20 19:20:00
12,post_message,2188,message,success,,2025-03-20 19:36:00
,post_message,4059,message,success,,2025-03-20 19:43:00
18,post_message,2162,message,success,,2025-03-20 19:54:00
11,post_message,8228,message,success,,2025-03-20 20:17:00
16,view_topic,4255,topic,success,,2025-03-20 20:24:00
5,delete_topic,9491,topic,success,,2025-03-20 20:26:00
1,registration,,,success,,2025-03-20 20:38:00
13,delete_topic,8538,topic,success,,2025-03-20 20:58:00
13,delete_topic,6334,topic,success,,2025-03-20 21:53:00
9,registration,,,error,Random error,2025-03-20 21:54:00
,post_message,5390,message,success,,2025-03-20 22:03:00
5,delete_topic,2640,topic,success,,2025-03-20 22:44:00
12,logout,,,success,,2025-03-20 23:22:00
10,login,,,success,,2025-03-20 23:33:00
5,post_message,1521,message,success,,2025-03-20 23:46:00
1,logout,,,success,,2025-03-20 23:47:00
17,view_topic,7206,topic,success,,2025-03-20 23:51:00
12,login,,,success,,2025-03-21 00:08:00
12,view_topic,2473,topic,success,,2025-03-21 00:23:00
13,first_visit,,,success,,2025-03-21 01:19:00
5,first_visit,,,success,,2025-03-21 01:21:00
8,logout,,,success,,2025-03-21 01:55:00
11,registration,,,success,,2025-03-21 01:56:00
7,create_topic,9454,topic,success,,2025-03-21 02:19:00
4,login,,,success,,2025-03-21 02:39:00
11,view_topic,1345,topic,success,,2025-03-21 03:07:00
14,first_visit,,,success,,2025-03-21 03:09:00
9,login,,,success,,2025-03-21 03:40:00
3,logout,,,success,,2025-03-21 03:48:00
6,login,,,success,,2025-03-21 03:48:00
16,view_topic,4029,topic,success,,2025-03-21 04:08:00
6,login,,,success,,2025-03-21 04:14:00
9,login,,,success,,2025-03-21 04:25:00
10,logout,,,success,,2025-03-21 05:06:00
2,registration,,,success,,2025-03-21 05:10:00
2,view_topic,3688,topic,success,,2025-03-21 05:11:00
10,logout,,,success,,2025-03-21 05:14:00
10,view_topic,9631,topic,success,,2025-03-21 05:23:00
5,view_topic,6176,topic,success,,2025-03-21 05:26:00
2,first_visit,,,success,,2025-03-21 05:26:00
18,logout,,,success,,2025-03-21 05:44:00
17,delete_topic,6969,topic,success,,2025-03-21 05:58:00
9,delete_topic,1599,topic,success,,2025-03-21 06:33:00
2,view_topic,9046,topic,success,,2025-03-21 07:08:00
16,delete_topic,5722,topic,success,,2025-03-21 07:24:00
15,post_message,4615,message,success,,2025-03-21 07:40:00
3,registration,,,success,,2025-03-21 07:53:00
,create_topic,7760,topic,error,User not logged in,2025-03-21 09:11:00
9,delete_topic,8680,topic,success,,2025-03-21 09:15:00
,post_message,1917,message,success,,2025-03-21 10:14:00
10,login,,,success,,2025-03-21 10:26:00
13,logout,,,success,,2025-03-21 10:37:00
18,logout,,,success,,2025-03-21 11:01:00
20,create_topic,3543,topic,success,,2025-03-21 11:07:00
20,delete_topic,1810,topic,success,,2025-03-21 11:50:00
18,login,,,success,,2025-03-21 11:53:00
19,post_message,1497,message,success,,2025-03-21 12:05:00
15,logout,,,success,,2025-03-21 12:09:00
7,create_topic,7830,topic,success,,2025-03-21 12:13:00
6,create_topic,6171,topic,success,,2025-03-21 12:31:00
13,login,,,success,,2025-03-21 12:39:00
,post_message,7591,message,success,,2025-03-21 12:45:00
4,login,,,success,,2025-03-21 13:22:00
19,login,,,success,,2025-03-21 13:30:00
5,first_visit,,,success,,2025-03-21 13:51:00
10,registration,,,success,,2025-03-21 13:52:00
12,login,,,success,,2025-03-21 14:17:00
10,first_visit,,,success,,2025-03-21 14:52:00
9,first_visit,,,success,,2025-03-21 15:27:00
,post_message,3729,message,success,,2025-03-21 15:45:00
3,delete_topic,9525,topic,success,,2025-03-21 15:48:00
9,create_topic,6755,topic,success,,2025-03-21 15:58:00
18,login,,,success,,2025-03-21 16:41:00
10,create_topic,4160,topic,success,,2025-03-21 17:07:00
4,view_topic,1122,topic,error,Random error,2025-03-21 17:20:00
7,view_topic,3511,topic,success,,2025-03-21 17:31:00
4,view_topic,9888,topic,success,,2025-03-21 17:47:00
3,first_visit,,,success,,2025-03-21 18:05:00
18,create_topic,8760,topic,success,,2025-03-21 18:07:00
1,first_visit,,,success,,2025-03-21 18:14:00
2,registration,,,success,,2025-03-21 18:29:00
9,logout,,,success,,2025-03-21 18:32:00
11,delete_topic,8708,topic,success,,2025-03-21 19:03:00
15,delete_topic,9877,topic,success,,2025-03-21 20:01:00
19,create_topic,4222,topic,success,,2025-03-21 20:25:00
8,create_topic,3437,topic,success,,2025-03-21 20:40:00
2,delete_topic,1284,topic,success,,2025-03-21 20:40:00
18,registration,,,success,,2025-03-21 20:51:00
3,create_topic,3127,topic,success,,2025-03-21 21:07:00
9,registration,,,success,,2025-03-21 21:10:00
8,view_topic,1080,topic,success,,2025-03-21 21:25:00
11,registration,,,success,,2025-03-21 21:47:00
10,create_topic,9976,topic,success,,2025-03-21 22:07:00
16,view_topic,7539,topic,success,,2025-03-21 22:09:00
6,post_message,7561,message,success,,2025-03-21 22:17:00
9,first_visit,,,success,,2025-03-21 22:20:00
10,logout,,,success,,2025-03-21 22:20:00
3,view_topic,7618,topic,success,,2025-03-21 22:34:00
,create_topic,4264,topic,error,User not logged in,2025-03-21 23:08:00
18,login,,,success,,2025-03-21 23:28:00
16,logout,,,success,,2025-03-21 23:45:00
8,logout,,,success,,2025-03-21 23:48:00
20,first_visit,,,success,,2025-03-21 23:53:00
13,create_topic,8439,topic,success,,2025-03-22 00:24:00
13,logout,,,success,,2025-03-22 00:30:00
9,logout,,,success,,2025-03-22 00:40:00
18,registration,,,success,,2025-03-22 01:35:00
5,first_visit,,,success,,2025-03-22 02:04:00
20,first_visit,,,success,,2025-03-22 02:07:00
18,first_visit,,,success,,2025-03-22 02:33:00
15,first_visit,,,success,,2025-03-22 02:49:00
11,registration,,,success,,2025-03-22 03:35:00
4,logout,,,success,,2025-03-22 03:54:00
3,registration,,,success,,2025-03-22 04:17:00
5,registration,,,success,,2025-03-22 05:32:00
17,first_visit,,,success,,2025-03-22 05:33:00
6,registration,,,success,,2025-03-22 05:50:00
1,login,,,success,,2025-03-22 05:56:00
,create_topic,6848,topic,error,User not logged in,2025-03-22 05:59:00
13,delete_topic,3893,topic,success,,2025-03-22 06:14:00
4,create_topic,5002,topic,success,,2025-03-22 06:24:00
17,view_topic,2492,topic,success,,2025-03-22 06:30:00
18,delete_topic,5911,topic,success,,2025-03-22 06:37:00
18,logout,,,success,,2025-03-22 06:37:00
12,delete_topic,9753,topic,success,,2025-03-22 06:40:00
15,post_message,5779,message,success,,2025-03-22 06:42:00
19,login,,,error,Random error,2025-03-22 07:16:00
16,logout,,,success,,2025-03-22 07:44:00
13,login,,,success,,2025-03-22 07:48:00
2,login,,,success,,2025-03-22 07:50:00
,create_topic,7844,topic,error,User not logged in,2025-03-22 08:28:00
4,view_topic,5121,topic,success,,2025-03-22 08:31:00
,post_message,6046,message,success,,2025-03-22 08:48:00
,post_message,9387,message,success,,2025-03-22 08:50:00
8,registration,,,success,,2025-03-22 08:52:00
11,registration,,,success,,2025-03-22 08:56:00
4,delete_topic,3239,topic,success,,2025-03-22 09:32:00
,post_message,1625,message,success,,2025-03-22 09:39:00
9,delete_topic,2883,topic,success,,2025-03-22 09:43:00
19,create_topic,1685,topic,success,,2025-03-22 10:00:00
14,delete_topic,7070,topic,success,,2025-03-22 10:28:00
5,logout,,,success,,2025-03-22 10:36:00
6,registration,,,success,,2025-03-22 10:42:00
11,logout,,,success,,2025-03-22 11:01:00
7,registration,,,success,,2025-03-22 11:02:00
16,delete_topic,9147,topic,success,,2025-03-22 11:07:00
6,login,,,success,,2025-03-22 11:15:00
18,login,,,success,,2025-03-22 11:44:00
3,first_visit,,,success,,2025-03-22 12:23:00
16,view_topic,7543,topic,success,,2025-03-22 12:47:00
3,first_visit,,,success,,2025-03-22 12:54:00
9,create_topic,2671,topic,success,,2025-03-22 13:37:00
16,first_visit,,,success,,2025-03-22 13:48:00
11,create_topic,9583,topic,success,,2025-03-22 14:18:00
15,registration,,,success,,2025-03-22 14:56:00
9,delete_topic,6645,topic,success,,2025-03-22 14:59:00
17,logout,,,success,,2025-03-22 15:01:00
12,delete_topic,6253,topic,success,,2025-03-22 15:06:00
13,registration,,,success,,2025-03-22 15:19:00
3,delete_topic,8172,topic,success,,2025-03-22 16:04:00
15,first_visit,,,success,,2025-03-22 16:27:00
18,create_topic,8307,topic,success,,2025-03-22 16:28:00
16,view_topic,3323,topic,success,,2025-03-22 16:30:00
5,first_visit,,,success,,2025-03-22 16:49:00
18,registration,,,success,,2025-03-22 16:56:00
14,post_message,5964,message,success,,2025-03-22 16:59:00
18,logout,,,success,,2025-03-22 17:20:00
,post_message,1471,message,success,,2025-03-22 18:42:00
14,first_visit,,,success,,2025-03-22 19:29:00
5,delete_topic,9954,topic,success,,2025-03-22 19:47:00
9,login,,,success,,2025-03-22 19:49:00
4,login,,,success,,2025-03-22 19:56:00
7,create_topic,1060,topic,success,,2025-03-22 20:21:00
13,login,,,success,,2025-03-22 20:26:00
,post_message,2381,message,success,,2025-03-22 20:46:00
19,delete_topic,6685,topic,success,,2025-03-22 22:08:00
5,create_topic,6429,topic,success,,2025-03-22 22:17:00
18,registration,,,success,,2025-03-22 22:23:00
5,first_visit,,,success,,2025-03-22 22:28:00
9,first_visit,,,success,,2025-03-22 22:45:00
5,delete_topic,2946,topic,success,,2025-03-22 23:06:00
12,view_topic,5277,topic,success,,2025-03-22 23:15:00
11,delete_topic,9057,topic,success,,2025-03-22 23:21:00
20,registration,,,success,,2025-03-22 23:43:00
12,login,,,success,,2025-03-22 23:43:00
5,registration,,,success,,2025-03-22 23:47:00
,post_message,6962,message,success,,2025-03-22 23:53:00
7,login,,,success,,2025-03-22 23:54:00
1,logout,,,success,,2025-03-23 00:05:00
18,view_topic,6909,topic,success,,2025-03-23 00:11:00
9,delete_topic,7853,topic,success,,2025-03-23 00:18:00
15,view_topic,4309,topic,success,,2025-03-23 00:23:00
,post_message,9570,message,success,,2025-03-23 00:29:00
16,view_topic,2391,topic,success,,2025-03-23 00:33:00
10,view_topic,2443,topic,success,,2025-03-23 00:56:00
11,create_topic,9580,topic,success,,2025-03-23 01:07:00
15,view_topic,6878,topic,success,,2025-03-23 02:02:00
14,post_message,6360,message,success,,2025-03-23 02:06:00
16,create_topic,3419,topic,success,,2025-03-23 02:38:00
11,registration,,,success,,2025-03-23 02:42:00
13,login,,,success,,2025-03-23 03:26:00
17,login,,,success,,2025-03-23 03:27:00
14,post_message,1555,message,success,,2025-03-23 04:33:00
18,view_topic,6122,topic,success,,2025-03-23 04:39:00
12,login,,,success,,2025-03-23 05:04:00
1,post_message,3030,message,success,,2025-03-23 05:23:00
12,create_topic,4490,topic,success,,2025-03-23 05:36:00
,create_topic,6265,topic,error,User not logged in,2025-03-23 05:45:00
10,create_topic,6760,topic,success,,2025-03-23 06:07:00
16,view_topic,1320,topic,success,,2025-03-23 06:48:00
14,first_visit,,,success,,2025-03-23 06:59:00
4,logout,,,success,,2025-03-23 07:49:00
18,view_topic,1767,topic,success,,2025-03-23 07:57:00
17,post_message,6932,message,success,,2025-03-23 08:26:00
3,login,,,success,,2025-03-23 08:27:00
20,delete_topic,4873,topic,success,,2025-03-23 08:42:00
13,post_message,4649,message,success,,2025-03-23 08:46:00
1,create_topic,3321,topic,success,,2025-03-23 09:22:00
2,delete_topic,3350,topic,success,,2025-03-23 10:09:00
10,registration,,,success,,2025-03-23 10:25:00
1,registration,,,success,,2025-03-23 10:28:00
,post_message,8398,message,success,,2025-03-23 11:28:00
7,registration,,,success,,2025-03-23 11:29:00
,post_message,7635,message,success,,2025-03-23 11:34:00
16,create_topic,7361,topic,success,,2025-03-23 11:45:00
9,create_topic,2777,topic,success,,2025-03-23 12:46:00
,post_message,5540,message,success,,2025-03-23 13:30:00
3,logout,,,success,,2025-03-23 13:38:00
5,view_topic,1757,topic,success,,2025-03-23 13:47:00
13,login,,,success,,2025-03-23 14:50:00
20,create_topic,5092,topic,success,,2025-03-23 15:13:00
1,view_topic,2120,topic,success,,2025-03-23 15:41:00
8,logout,,,success,,2025-03-23 16:05:00
15,first_visit,,,success,,2025-03-23 16:09:00
11,post_message,4807,message,success,,2025-03-23 16:49:00
13,logout,,,success,,2025-03-23 16:54:00
6,create_topic,5323,topic,success,,2025-03-23 16:57:00
,post_message,2563,message,success,,2025-03-23 17:02:00
18,first_visit,,,success,,2025-03-23 17:20:00
6,view_topic,6836,topic,success,,2025-03-23 17:38:00
4,first_visit,,,error,Random error,2025-03-23 17:48:00
3,logout,,,success,,2025-03-23 18:21:00
8,create_topic,7214,topic,success,,2025-03-23 19:04:00
3,delete_topic,7139,topic,success,,2025-03-23 19:07:00
14,registration,,,success,,2025-03-23 19:08:00
16,delete_topic,5222,topic,success,,2025-03-23 19:29:00
8,login,,,success,,2025-03-23 19:29:00
7,login,,,error,Random error,2025-03-23 20:25:00
14,view_topic,9120,topic,success,,2025-03-23 20:29:00
4,registration,,,success,,2025-03-23 21:17:00
4,registration,,,success,,2025-03-23 21:46:00
16,logout,,,success,,2025-03-23 21:48:00
2,first_visit,,,success,,2025-03-23 22:00:00
16,create_topic,2422,topic,success,,2025-03-23 22:27:00
,post_message,4278,message,success,,2025-03-23 22:28:00
8,first_visit,,,success,,2025-03-23 23:05:00
5,login,,,success,,2025-03-23 23:08:00
17,create_topic,8473,topic,success,,2025-03-23 23:14:00
,create_topic,5182,topic,error,User not logged in,2025-03-23 23:22:00
5,create_topic,5074,topic,success,,2025-03-23 23:27:00
11,registration,,,success,,2025-03-23 23:54:00
13,login,,,success,,2025-03-24 00:13:00
2,logout,,,success,,2025-03-24 00:13:00
4,registration,,,success,,2025-03-24 00:18:00
13,first_visit,,,success,,2025-03-24 00:25:00
7,delete_topic,1261,topic,success,,2025-03-24 00:55:00
20,delete_topic,2576,topic,success,,2025-03-24 00:56:00
2,login,,,success,,2025-03-24 01:04:00
,create_topic,7090,topic,error,User not logged in,2025-03-24 01:30:00
,post_message,1261,message,success,,2025-03-24 01:31:00
18,create_topic,8290,topic,success,,2025-03-24 01:53:00
8,delete_topic,4981,topic,success,,2025-03-24 01:54:00
15,first_visit,,,error,Random error,2025-03-24 02:58:00
15,delete_topic,7275,topic,success,,2025-03-24 03:33:00
9,registration,,,success,,2025-03-24 04:12:00
20,first_visit,,,success,,2025-03-24 04:18:00
18,post_message,4520,message,success,,2025-03-24 05:17:00
13,registration,,,success,,2025-03-24 05:31:00
5,registration,,,success,,2025-03-24 05:33:00
15,create_topic,6178,topic,success,,2025-03-24 05:52:00
2,logout,,,error,Random error,2025-03-24 06:15:00
2,registration,,,success,,2025-03-24 06:26:00
4,delete_topic,5484,topic,success,,2025-03-24 06:30:00
20,create_topic,5359,topic,success,,2025-03-24 06:40:00
5,delete_topic,5640,topic,success,,2025-03-24 07:07:00
9,create_topic,6149,topic,success,,2025-03-24 07:14:00
2,logout,,,success,,2025-03-24 07:32:00
10,first_visit,,,success,,2025-03-24 08:14:00
17,logout,,,success,,2025-03-24 08:17:00
17,first_visit,,,success,,2025-03-24 08:27:00
13,first_visit,,,success,,2025-03-24 08:50:00
10,create_topic,4358,topic,success,,2025-03-24 09:03:00
3,first_visit,,,success,,2025-03-24 09:21:00
13,login,,,success,,2025-03-24 10:20:00
13,delete_topic,7883,topic,success,,2025-03-24 10:27:00
7,first_visit,,,success,,2025-03-24 10:32:00
13,create_topic,8468,topic,success,,2025-03-24 10:33:00
3,post_message,3699,message,success,,2025-03-24 10:35:00
11,first_visit,,,success,,2025-03-24 11:12:00
4,create_topic,9595,topic,success,,2025-03-24 11:46:00
,post_message,9162,message,success,,2025-03-24 12:22:00
1,login,,,success,,2025-03-24 12:41:00
13,delete_topic,9516,topic,success,,2025-03-24 13:19:00
11,create_topic,2760,topic,success,,2025-03-24 13:30:00
3,login,,,error,Random error,2025-03-24 13:43:00
7,login,,,success,,2025-03-24 13:53:00
12,delete_topic,2603,topic,success,,2025-03-24 14:46:00
14,registration,,,success,,2025-03-24 15:32:00
7,delete_topic,2616,topic,success,,2025-03-24 15:37:00
17,login,,,success,,2025-03-24 15:41:00
13,first_visit,,,success,,2025-03-24 15:45:00
17,view_topic,4701,topic,success,,2025-03-24 15:48:00
8,login,,,success,,2025-03-24 16:03:00
13,registration,,,success,,2025-03-24 16:05:00
18,create_topic,8493,topic,success,,2025-03-24 16:06:00
2,view_topic,6646,topic,error,Random error,2025-03-24 16:25:00
9,view_topic,4628,topic,success,,2025-03-24 16:45:00
15,view_topic,2452,topic,success,,2025-03-24 16:57:00
17,registration,,,success,,2025-03-24 17:18:00
8,login,,,error,Random error,2025-03-24 17:31:00
5,view_topic,1892,topic,success,,2025-03-24 18:25:00
19,logout,,,success,,2025-03-24 18:26:00
,create_topic,6662,topic,error,User not logged in,2025-03-24 18:34:00
19,login,,,success,,2025-03-24 18:36:00
10,delete_topic,1874,topic,success,,2025-03-24 19:26:00
8,first_visit,,,success,,2025-03-24 19:45:00
3,logout,,,success,,2025-03-24 20:12:00
9,create_topic,2948,topic,success,,2025-03-24 20:22:00
11,registration,,,success,,2025-03-24 20:27:00
10,first_visit,,,success,,2025-03-24 20:38:00
6,post_message,2005,message,success,,2025-03-24 20:47:00
16,post_message,9528,message,success,,2025-03-24 20:49:00
16,registration,,,success,,2025-03-24 20:50:00
11,delete_topic,4491,topic,success,,2025-03-24 21:24:00
8,first_visit,,,error,Random error,2025-03-24 21:35:00
10,create_topic,7883,topic,success,,2025-03-24 21:36:00
15,logout,,,success,,2025-03-24 21:49:00
8,post_message,4064,message,success,,2025-03-24 22:20:00
17,create_topic,2636,topic,success,,2025-03-24 22:44:00
15,create_topic,7688,topic,success,,2025-03-24 22:47:00
6,first_visit,,,success,,2025-03-24 22:49:00
15,login,,,success,,2025-03-24 22:51:00
12,delete_topic,5696,topic,success,,2025-03-24 22:54:00
15,logout,,,success,,2025-03-25 00:16:00
18,create_topic,3223,topic,success,,2025-03-25 01:47:00
,post_message,2419,message,success,,2025-03-25 02:57:00
8,login,,,success,,2025-03-25 02:58:00
5,post_message,5236,message,success,,2025-03-25 03:05:00
12,first_visit,,,success,,2025-03-25 03:09:00
17,create_topic,4440,topic,success,,2025-03-25 03:11:00
15,delete_topic,1703,topic,success,,2025-03-25 03:46:00
7,post_message,8622,message,success,,2025-03-25 03:52:00
3,login,,,success,,2025-03-25 03:59:00
12,first_visit,,,success,,2025-03-25 04:11:00
6,logout,,,success,,2025-03-25 04:37:00
17,first_visit,,,success,,2025-03-25 04:45:00
11,delete_topic,3413,topic,success,,2025-03-25 04:56:00
1,logout,,,success,,2025-03-25 05:05:00
,create_topic,1714,topic,error,User not logged in,2025-03-25 05:18:00
1,login,,,success,,2025-03-25 05:26:00
12,login,,,success,,2025-03-25 05:33:00
7,view_topic,4025,topic,success,,2025-03-25 05:42:00
1,registration,,,success,,2025-03-25 05:44:00
19,view_topic,1067,topic,success,,2025-03-25 06:06:00
18,create_topic,9524,topic,success,,2025-03-25 06:11:00
20,login,,,success,,2025-03-25 06:28:00
17,login,,,success,,2025-03-25 07:09:00
16,create_topic,6236,topic,success,,2025-03-25 07:16:00
8,view_topic,7118,topic,success,,2025-03-25 08:23:00
14,login,,,success,,2025-03-25 08:45:00
15,view_topic,5258,topic,success,,2025-03-25 09:28:00
20,first_visit,,,success,,2025-03-25 09:33:00
11,registration,,,error,Random error,2025-03-25 09:49:00
20,create_topic,4300,topic,success,,2025-03-25 09:53:00
2,first_visit,,,success,,2025-03-25 10:12:00
9,logout,,,success,,2025-03-25 10:16:00
,create_topic,1427,topic,error,User not logged in,2025-03-25 10:51:00
20,delete_topic,7447,topic,success,,2025-03-25 11:18:00
16,delete_topic,3445,topic,success,,2025-03-25 11:41:00
17,delete_topic,9292,topic,error,Random error,2025-03-25 11:53:00
4,logout,,,success,,2025-03-25 12:20:00
18,logout,,,success,,2025-03-25 12:24:00
5,view_topic,3177,topic,error,Random error,2025-03-25 12:35:00
4,view_topic,1488,topic,success,,2025-03-25 12:40:00
1,view_topic,8463,topic,success,,2025-03-25 13:10:00
6,first_visit,,,success,,2025-03-25 13:13:00
1,create_topic,6965,topic,success,,2025-03-25 13:28:00
4,login,,,success,,2025-03-25 14:05:00
12,create_topic,4421,topic,success,,2025-03-25 14:22:00
10,logout,,,success,,2025-03-25 14:25:00
7,login,,,success,,2025-03-25 14:27:00
19,create_topic,4001,topic,success,,2025-03-25 14:35:00
5,logout,,,success,,2025-03-25 15:27:00
18,logout,,,success,,2025-03-25 16:38:00
10,delete_topic,7541,topic,success,,2025-03-25 17:02:00
9,create_topic,3221,topic,success,,2025-03-25 17:03:00
18,create_topic,8808,topic,success,,2025-03-25 17:05:00
5,create_topic,1515,topic,success,,2025-03-25 17:10:00
11,logout,,,success,,2025-03-25 17:10:00
12,login,,,success,,2025-03-25 17:29:00
,post_message,6229,message,success,,2025-03-25 18:24:00
11,create_topic,6396,topic,success,,2025-03-25 20:14:00
5,delete_topic,6393,topic,success,,2025-03-25 20:35:00
20,registration,,,success,,2025-03-25 20:40:00
3,first_visit,,,success,,2025-03-25 20:48:00
16,create_topic,6566,topic,success,,2025-03-25 20:53:00
18,login,,,success,,2025-03-25 20:56:00
3,delete_topic,9383,topic,success,,2025-03-25 21:10:00
11,registration,,,success,,2025-03-25 21:23:00
5,post_message,8670,message,success,,2025-03-25 21:34:00
18,registration,,,success,,2025-03-25 21:40:00
19,registration,,,success,,2025-03-25 21:44:00
6,registration,,,success,,2025-03-25 22:56:00
3,post_message,9616,message,success,,2025-03-26 00:08:00
17,post_message,9919,message,success,,2025-03-26 00:27:00
6,view_topic,7153,topic,success,,2025-03-26 00:35:00
12,logout,,,success,,2025-03-26 01:36:00
20,login,,,success,,2025-03-26 03:07:00
17,logout,,,success,,2025-03-26 03:09:00
,post_message,3874,message,success,,2025-03-26 03:34:00
9,first_visit,,,success,,2025-03-26 03:41:00
6,logout,,,success,,2025-03-26 05:03:00
8,registration,,,success,,2025-03-26 05:08:00
20,login,,,success,,2025-03-26 06:27:00
12,delete_topic,6320,topic,success,,2025-03-26 06:28:00
11,login,,,error,Random error,2025-03-26 06:28:00
7,view_topic,6624,topic,success,,2025-03-26 06:36:00
3,delete_topic,5508,topic,success,,2025-03-26 06:46:00
11,post_message,6976,message,success,,2025-03-26 07:00:00
13,view_topic,9630,topic,success,,2025-03-26 07:27:00
8,post_message,2014,message,success,,2025-03-26 07:55:00
,post_message,2632,message,success,,2025-03-26 08:02:00
9,post_message,9245,message,success,,2025-03-26 08:23:00
5,login,,,success,,2025-03-26 09:10:00
1,registration,,,success,,2025-03-26 09:15:00
10,first_visit,,,success,,2025-03-26 09:18:00
8,view_topic,7897,topic,success,,2025-03-26 10:32:00
18,post_message,3335,message,success,,2025-03-26 10:52:00
14,post_message,1721,message,success,,2025-03-26 10:58:00
19,first_visit,,,success,,2025-03-26 10:59:00
7,delete_topic,2004,topic,success,,2025-03-26 11:05:00
7,registration,,,success,,2025-03-26 11:21:00
13,delete_topic,7592,topic,success,,2025-03-26 12:20:00
13,delete_topic,9406,topic,success,,2025-03-26 12:45:00
1,registration,,,success,,2025-03-26 12:49:00
4,first_visit,,,success,,2025-03-26 13:16:00
10,post_message,4802,message,success,,2025-03-26 13:19:00
20,create_topic,1117,topic,success,,2025-03-26 13:28:00
7,create_topic,3911,topic,success,,2025-03-26 13:32:00
1,view_topic,3518,topic,success,,2025-03-26 13:41:00
18,post_message,4682,message,success,,2025-03-26 13:54:00
15,first_visit,,,success,,2025-03-26 13:56:00
6,logout,,,success,,2025-03-26 14:14:00
18,view_topic,9587,topic,success,,2025-03-26 14:18:00
2,view_topic,7995,topic,success,,2025-03-26 14:24:00
20,create_topic,6153,topic,success,,2025-03-26 14:28:00
3,post_message,4826,message,success,,2025-03-26 14:33:00
19,post_message,9812,message,success,,2025-03-26 15:23:00
9,view_topic,7802,topic,success,,2025-03-26 15:45:00
10,first_visit,,,success,,2025-03-26 16:10:00
4,view_topic,9421,topic,success,,2025-03-26 16:30:00
2,delete_topic,2284,topic,success,,2025-03-26 16:31:00
13,registration,,,success,,2025-03-26 16:33:00
15,logout,,,success,,2025-03-26 16:46:00
3,delete_topic,4179,topic,success,,2025-03-26 17:01:00
6,view_topic,6754,topic,success,,2025-03-26 17:09:00
,create_topic,5667,topic,error,User not logged in,2025-03-26 17:41:00
15,registration,,,success,,2025-03-26 18:20:00
15,view_topic,2501,topic,success,,2025-03-26 18:24:00
3,first_visit,,,success,,2025-03-26 19:11:00
10,first_visit,,,success,,2025-03-26 19:16:00
15,login,,,success,,2025-03-26 19:44:00
17,delete_topic,6291,topic,success,,2025-03-26 20:03:00
16,view_topic,8812,topic,success,,2025-03-26 20:31:00
18,logout,,,success,,2025-03-26 20:32:00
,create_topic,9447,topic,error,User not logged in,2025-03-26 21:00:00
9,login,,,success,,2025-03-26 21:14:00
18,logout,,,error,Random error,2025-03-26 21:22:00
2,registration,,,success,,2025-03-26 21:47:00
1,login,,,success,,2025-03-26 21:49:00
1,view_topic,8557,topic,success,,2025-03-26 21:50:00
16,registration,,,success,,2025-03-26 22:45:00
16,view_topic,6941,topic,success,,2025-03-26 22:45:00
11,post_message,2113,message,success,,2025-03-26 23:12:00
1,registration,,,success,,2025-03-26 23:20:00
,post_message,2567,message,success,,2025-03-26 23:24:00
10,logout,,,success,,2025-03-26 23:33:00
14,delete_topic,5685,topic,success,,2025-03-27 00:14:00
16,first_visit,,,success,,2025-03-27 00:16:00
5,login,,,success,,2025-03-27 00:20:00
19,delete_topic,9156,topic,success,,2025-03-27 00:26:00
18,view_topic,7900,topic,success,,2025-03-27 00:39:00
7,view_topic,7865,topic,success,,2025-03-27 00:41:00
11,registration,,,success,,2025-03-27 00:51:00
10,registration,,,success,,2025-03-27 01:01:00
3,registration,,,error,Random error,2025-03-27 01:01:00
18,login,,,success,,2025-03-27 01:01:00
15,delete_topic,1604,topic,success,,2025-03-27 01:21:00
17,registration,,,success,,2025-03-27 02:09:00
16,first_visit,,,success,,2025-03-27 02:28:00
17,post_message,8904,message,success,,2025-03-27 02:54:00
19,registration,,,success,,2025-03-27 03:03:00
2,login,,,success,,2025-03-27 03:25:00
15,create_topic,2137,topic,error,Random error,2025-03-27 03:41:00
10,first_visit,,,success,,2025-03-27 04:53:00
7,view_topic,8472,topic,success,,2025-03-27 05:23:00
16,post_message,7391,message,success,,2025-03-27 05:42:00
18,registration,,,success,,2025-03-27 05:52:00
2,delete_topic,1500,topic,success,,2025-03-27 06:08:00
3,create_topic,2188,topic,success,,2025-03-27 06:52:00
4,logout,,,success,,2025-03-27 07:01:00
2,post_message,7088,message,success,,2025-03-27 07:28:00
5,first_visit,,,success,,2025-03-27 07:42:00
13,create_topic,5471,topic,success,,2025-03-27 08:28:00
2,registration,,,success,,2025-03-27 08:28:00
20,view_topic,9036,topic,success,,2025-03-27 08:47:00
7,logout,,,success,,2025-03-27 09:47:00
13,delete_topic,4580,topic,error,Random error,2025-03-27 10:58:00
17,logout,,,success,,2025-03-27 11:04:00
13,login,,,error,Random error,2025-03-27 11:10:00
18,view_topic,4380,topic,success,,2025-03-27 11:17:00
,post_message,9529,message,success,,2025-03-27 11:24:00
,create_topic,4624,topic,error,User not logged in,2025-03-27 12:51:00
14,post_message,6086,message,success,,2025-03-27 13:18:00
,post_message,1201,message,success,,2025-03-27 14:10:00
17,registration,,,success,,2025-03-27 14:24:00
7,view_topic,5641,topic,success,,2025-03-27 16:02:00
12,post_message,3998,message,success,,2025-03-27 16:07:00
5,logout,,,success,,2025-03-27 16:26:00
,create_topic,7910,topic,error,User not logged in,2025-03-27 17:23:00
10,login,,,success,,2025-03-27 17:42:00
,post_message,7509,message,success,,2025-03-27 17:42:00
16,registration,,,success,,2025-03-27 18:22:00
11,first_visit,,,success,,2025-03-27 18:31:00
16,first_visit,,,success,,2025-03-27 18:58:00
12,logout,,,success,,2025-03-27 19:15:00
17,post_message,1667,message,success,,2025-03-27 19:20:00
12,registration,,,success,,2025-03-27 19:23:00
9,post_message,9548,message,success,,2025-03-27 19:31:00
,post_message,3137,message,success,,2025-03-27 19:58:00
,post_message,5695,message,success,,2025-03-27 20:00:00
,post_message,3716,message,success,,2025-03-27 20:16:00
,post_message,9433,message,success,,2025-03-27 22:17:00
18,logout,,,error,Random error,2025-03-27 22:52:00
15,logout,,,success,,2025-03-27 23:01:00
,post_message,8216,message,success,,2025-03-27 23:02:00
9,login,,,error,Random error,2025-03-27 23:22:00
12,first_visit,,,success,,2025-03-28 00:16:00
14,first_visit,,,success,,2025-03-28 00:32:00
12,logout,,,success,,2025-03-28 01:21:00
16,create_topic,1365,topic,success,,2025-03-28 01:24:00
3,logout,,,success,,2025-03-28 01:32:00
10,login,,,success,,2025-03-28 02:22:00
9,create_topic,3235,topic,success,,2025-03-28 02:48:00
13,create_topic,1527,topic,success,,2025-03-28 03:09:00
3,view_topic,6126,topic,success,,2025-03-28 03:15:00
8,registration,,,success,,2025-03-28 03:17:00
12,logout,,,success,,2025-03-28 03:18:00
7,delete_topic,3743,topic,success,,2025-03-28 03:23:00
11,logout,,,error,Random error,2025-03-28 03:29:00
2,logout,,,error,Random error,2025-03-28 03:42:00
10,login,,,success,,2025-03-28 04:14:00
,create_topic,5496,topic,error,User not logged in,2025-03-28 05:19:00
17,create_topic,1571,topic,success,,2025-03-28 05:34:00
5,create_topic,3256,topic,success,,2025-03-28 05:43:00
11,login,,,success,,2025-03-28 05:48:00
17,login,,,success,,2025-03-28 05:55:00
8,logout,,,success,,2025-03-28 06:03:00
4,registration,,,success,,2025-03-28 06:06:00
19,logout,,,success,,2025-03-28 07:13:00
,post_message,5613,message,success,,2025-03-28 07:17:00
17,create_topic,4235,topic,success,,2025-03-28 07:30:00
15,create_topic,8215,topic,success,,2025-03-28 07:40:00
7,create_topic,8718,topic,success,,2025-03-28 08:01:00
7,logout,,,success,,2025-03-28 08:16:00
17,view_topic,4438,topic,success,,2025-03-28 08:24:00
1,login,,,success,,2025-03-28 08:53:00
7,login,,,success,,2025-03-28 09:03:00
6,registration,,,success,,2025-03-28 09:09:00
2,create_topic,5682,topic,success,,2025-03-28 09:28:00
9,logout,,,success,,2025-03-28 09:54:00
13,login,,,success,,2025-03-28 10:32:00
9,registration,,,success,,2025-03-28 10:41:00
11,create_topic,7247,topic,success,,2025-03-28 10:54:00
7,view_topic,6844,topic,success,,2025-03-28 11:15:00
19,delete_topic,2467,topic,success,,2025-03-28 11:39:00
12,login,,,success,,2025-03-28 11:55:00
3,logout,,,success,,2025-03-28 12:15:00
1,logout,,,success,,2025-03-28 12:17:00
14,login,,,success,,2025-03-28 12:41:00
13,view_topic,6510,topic,success,,2025-03-28 13:02:00
,create_topic,8798,topic,error,User not logged in,2025-03-28 13:17:00
18,create_topic,3056,topic,success,,2025-03-28 13:20:00
10,delete_topic,4835,topic,success,,2025-03-28 13:42:00
10,login,,,success,,2025-03-28 13:46:00
18,registration,,,error,Random error,2025-03-28 14:10:00
,post_message,2109,message,success,,2025-03-28 14:29:00
3,logout,,,success,,2025-03-28 14:46:00
14,logout,,,success,,2025-03-28 14:48:00
2,create_topic,9445,topic,success,,2025-03-28 14:55:00
19,logout,,,success,,2025-03-28 15:18:00
15,view_topic,2731,topic,success,,2025-03-28 15:47:00
7,login,,,success,,2025-03-28 16:13:00
6,post_message,1236,message,success,,2025-03-28 16:15:00
14,view_topic,2755,topic,success,,2025-03-28 16:16:00
7,first_visit,,,success,,2025-03-28 16:21:00
15,view_topic,2678,topic,success,,2025-03-28 16:32:00
14,post_message,9105,message,success,,2025-03-28 17:13:00
16,login,,,success,,2025-03-28 17:27:00
16,view_topic,9559,topic,success,,2025-03-28 18:08:00
9,first_visit,,,success,,2025-03-28 18:29:00
9,first_visit,,,success,,2025-03-28 18:52:00
6,login,,,success,,2025-03-28 19:17:00
5,view_topic,2489,topic,success,,2025-03-28 19:55:00
10,first_visit,,,success,,2025-03-28 20:18:00
12,login,,,success,,2025-03-28 20:49:00
4,logout,,,success,,2025-03-28 20:49:00
2,first_visit,,,success,,2025-03-28 20:52:00
6,view_topic,4696,topic,success,,2025-03-28 21:00:00
11,delete_topic,4470,topic,success,,2025-03-28 21:25:00
19,first_visit,,,success,,2025-03-28 22:13:00
19,login,,,success,,2025-03-28 22:20:00
8,view_topic,1257,topic,success,,2025-03-28 22:32:00
6,post_message,6642,message,success,,2025-03-28 22:42:00
3,view_topic,6787,topic,success,,2025-03-28 22:54:00
5,delete_topic,9322,topic,success,,2025-03-28 23:38:00
13,first_visit,,,success,,2025-03-28 23:43:00
11,create_topic,7264,topic,success,,2025-03-28 23:45:00
16,registration,,,success,,2025-03-28 23:47:00
1,registration,,,success,,2025-03-29 00:48:00
2,create_topic,3701,topic,success,,2025-03-29 00:48:00
6,view_topic,2402,topic,success,,2025-03-29 00:56:00
2,create_topic,7925,topic,success,,2025-03-29 01:00:00
8,post_message,7906,message,success,,2025-03-29 01:22:00
5,view_topic,7057,topic,success,,2025-03-29 02:06:00
12,view_topic,9399,topic,success,,2025-03-29 02:27:00
10,registration,,,success,,2025-03-29 03:03:00
20,create_topic,9053,topic,success,,2025-03-29 03:05:00
6,view_topic,5232,topic,success,,2025-03-29 03:08:00
3,login,,,success,,2025-03-29 03:46:00
7,login,,,success,,2025-03-29 04:09:00
15,post_message,1221,message,success,,2025-03-29 04:17:00
4,delete_topic,2366,topic,success,,2025-03-29 04:41:00
20,registration,,,success,,2025-03-29 05:09:00
13,first_visit,,,success,,2025-03-29 05:11:00
20,logout,,,success,,2025-03-29 05:11:00
3,first_visit,,,success,,2025-03-29 05:17:00
19,first_visit,,,success,,2025-03-29 05:18:00
19,create_topic,5128,topic,success,,2025-03-29 05:22:00
6,logout,,,success,,2025-03-29 05:40:00
15,registration,,,success,,2025-03-29 05:48:00
9,first_visit,,,success,,2025-03-29 06:07:00
15,view_topic,5686,topic,success,,2025-03-29 06:30:00
6,login,,,error,Random error,2025-03-29 06:45:00
17,login,,,success,,2025-03-29 07:11:00
14,view_topic,2302,topic,success,,2025-03-29 07:17:00
17,registration,,,success,,2025-03-29 08:26:00
19,first_visit,,,success,,2025-03-29 08:45:00
13,delete_topic,3718,topic,success,,2025-03-29 08:46:00
15,login,,,success,,2025-03-29 08:51:00
17,view_topic,8715,topic,success,,2025-03-29 09:31:00
10,logout,,,success,,2025-03-29 09:36:00
16,view_topic,1845,topic,success,,2025-03-29 09:37:00
3,registration,,,success,,2025-03-29 09:37:00
12,first_visit,,,success,,2025-03-29 09:56:00
12,first_visit,,,success,,2025-03-29 09:58:00
4,create_topic,4372,topic,success,,2025-03-29 10:26:00
20,first_visit,,,success,,2025-03-29 10:41:00
15,view_topic,4465,topic,success,,2025-03-29 10:45:00
7,delete_topic,1301,topic,success,,2025-03-29 10:56:00
2,create_topic,2230,topic,success,,2025-03-29 11:06:00
5,view_topic,7258,topic,success,,2025-03-29 11:31:00
17,first_visit,,,success,,2025-03-29 11:44:00
3,logout,,,success,,2025-03-29 11:54:00
,post_message,7571,message,success,,2025-03-29 12:03:00
10,delete_topic,5094,topic,success,,2025-03-29 12:26:00
19,first_visit,,,success,,2025-03-29 12:33:00
17,delete_topic,3667,topic,success,,2025-03-29 12:35:00
,post_message,9900,message,success,,2025-03-29 12:42:00
17,login,,,success,,2025-03-29 12:53:00
17,view_topic,2417,topic,success,,2025-03-29 13:14:00
17,view_topic,1922,topic,success,,2025-03-29 13:22:00
9,registration,,,success,,2025-03-29 13:23:00
17,registration,,,success,,2025-03-29 13:32:00
20,logout,,,success,,2025-03-29 13:36:00
,create_topic,8620,topic,error,User not logged in,2025-03-29 13:36:00
19,login,,,success,,2025-03-29 13:37:00
13,first_visit,,,success,,2025-03-29 13:53:00
1,registration,,,success,,2025-03-29 14:13:00
3,first_visit,,,success,,2025-03-29 14:24:00
16,registration,,,success,,2025-03-29 14:35:00
4,logout,,,success,,2025-03-29 14:35:00
7,post_message,6182,message,success,,2025-03-29 14:52:00
6,registration,,,success,,2025-03-29 14:58:00
10,logout,,,success,,2025-03-29 15:02:00
13,first_visit,,,success,,2025-03-29 15:07:00
,post_message,4497,message,success,,2025-03-29 15:44:00
13,delete_topic,1154,topic,success,,2025-03-29 15:57:00
18,create_topic,6107,topic,success,,2025-03-29 16:22:00
15,logout,,,success,,2025-03-29 16:28:00
,create_topic,2267,topic,error,User not logged in,2025-03-29 16:33:00
10,post_message,3520,message,success,,2025-03-29 16:38:00
18,post_message,7993,message,success,,2025-03-29 16:40:00
18,delete_topic,4325,topic,success,,2025-03-29 16:51:00
6,registration,,,error,Random error,2025-03-29 16:57:00
,post_message,1954,message,success,,2025-03-29 17:14:00
5,logout,,,success,,2025-03-29 17:32:00
19,view_topic,5625,topic,success,,2025-03-29 17:36:00
16,registration,,,success,,2025-03-29 17:48:00
5,login,,,success,,2025-03-29 17:59:00
20,create_topic,7768,topic,success,,2025-03-29 18:07:00
7,registration,,,success,,2025-03-29 18:11:00
6,login,,,success,,2025-03-29 18:36:00
20,delete_topic,6592,topic,success,,2025-03-29 18:55:00
12,login,,,success,,2025-03-29 19:53:00
8,view_topic,9816,topic,success,,2025-03-29 20:00:00
5,first_visit,,,success,,2025-03-29 20:01:00
16,create_topic,9985,topic,success,,2025-03-29 20:10:00
8,delete_topic,8967,topic,success,,2025-03-29 20:23:00
,post_message,8376,message,success,,2025-03-29 20:41:00
13,create_topic,1024,topic,success,,2025-03-29 20:46:00
3,first_visit,,,success,,2025-03-29 20:56:00
,post_message,1425,message,success,,2025-03-29 21:03:00
10,create_topic,6778,topic,error,Random error,2025-03-29 21:22:00
10,login,,,success,,2025-03-29 21:23:00
16,login,,,success,,2025-03-29 21:37:00
,post_message,4700,message,success,,2025-03-29 22:15:00
17,logout,,,success,,2025-03-29 22:16:00
3,view_topic,4339,topic,error,Random error,2025-03-29 22:17:00
6,logout,,,success,,2025-03-29 22:50:00
20,delete_topic,2015,topic,success,,2025-03-29 23:02:00
15,delete_topic,4313,topic,success,,2025-03-29 23:34:00
12,delete_topic,6970,topic,success,,2025-03-30 00:04:00
1,registration,,,success,,2025-03-30 00:33:00
11,post_message,8909,message,success,,2025-03-30 00:39:00
7,view_topic,6503,topic,success,,2025-03-30 00:53:00
13,first_visit,,,success,,2025-03-30 01:09:00
11,create_topic,5733,topic,error,Random error,2025-03-30 01:19:00
3,logout,,,success,,2025-03-30 01:31:00
13,registration,,,success,,2025-03-30 01:57:00
15,delete_topic,6758,topic,success,,2025-03-30 02:14:00
,post_message,3193,message,success,,2025-03-30 02:32:00
17,registration,,,success,,2025-03-30 02:41:00
16,delete_topic,8312,topic,error,Random error,2025-03-30 02:49:00
13,registration,,,success,,2025-03-30 03:16:00
19,logout,,,success,,2025-03-30 04:28:00
12,registration,,,success,,2025-03-30 05:04:00
3,create_topic,3286,topic,success,,2025-03-30 05:17:00
4,first_visit,,,success,,2025-03-30 05:23:00
15,first_visit,,,success,,2025-03-30 05:25:00
6,registration,,,success,,2025-03-30 05:48:00
5,view_topic,6220,topic,success,,2025-03-30 06:18:00
18,view_topic,1292,topic,success,,2025-03-30 06:55:00
19,post_message,1801,message,success,,2025-03-30 07:11:00
,post_message,4079,message,success,,2025-03-30 07:14:00
2,registration,,,success,,2025-03-30 07:50:00
13,logout,,,success,,2025-03-30 08:54:00
14,first_visit,,,success,,2025-03-30 08:54:00
10,logout,,,success,,2025-03-30 09:40:00
13,delete_topic,9973,topic,success,,2025-03-30 09:43:00
8,registration,,,success,,2025-03-30 10:09:00
10,logout,,,success,,2025-03-30 10:51:00
10,delete_topic,2420,topic,success,,2025-03-30 11:47:00
12,first_visit,,,success,,2025-03-30 11:50:00
6,registration,,,error,Random error,2025-03-30 12:03:00
2,view_topic,3810,topic,success,,2025-03-30 12:19:00
20,logout,,,success,,2025-03-30 13:11:00
3,logout,,,success,,2025-03-30 13:15:00
16,view_topic,9368,topic,error,Random error,2025-03-30 13:34:00
12,delete_topic,2700,topic,success,,2025-03-30 13:43:00
,create_topic,8446,topic,error,User not logged in,2025-03-30 14:55:00
9,create_topic,3402,topic,success,,2025-03-30 15:23:00
7,post_message,3740,message,success,,2025-03-30 16:09:00
5,registration,,,success,,2025-03-30 16:09:00
11,first_visit,,,success,,2025-03-30 16:19:00
20,login,,,success,,2025-03-30 17:00:00
13,first_visit,,,success,,2025-03-30 17:16:00
12,logout,,,success,,2025-03-30 17:33:00
6,registration,,,success,,2025-03-30 17:42:00
,post_message,8865,message,success,,2025-03-30 18:09:00
12,logout,,,success,,2025-03-30 18:20:00
6,logout,,,success,,2025-03-30 19:12:00
10,login,,,success,,2025-03-30 19:14:00
8,login,,,success,,2025-03-30 19:16:00
13,first_visit,,,success,,2025-03-30 20:00:00
15,registration,,,success,,2025-03-30 20:06:00
13,view_topic,6831,topic,success,,2025-03-30 20:16:00
1,first_visit,,,success,,2025-03-30 21:52:00
20,view_topic,6441,topic,success,,2025-03-30 22:25:00
,create_topic,3362,topic,error,User not logged in,2025-03-30 22:30:00
6,login,,,success,,2025-03-30 22:33:00
6,view_topic,7380,topic,success,,2025-03-30 23:00:00
4,registration,,,success,,2025-03-30 23:01:00
20,login,,,error,Random error,2025-03-30 23:02:00
8,delete_topic,9599,topic,success,,2025-03-30 23:50:00
